,Unnamed: 0,Unnamed: 0.1,Unnamed: 0.1.1,Unnamed: 0.1.1.1,Unnamed: 0.1.1.1.1,Unnamed: 0.1.1.1.1.1,Unnamed: 0.1.1.1.1.1.1,Latitude,Longitude,Date,SMAP_Tile,SPL3SMP_006_Line_Y_36.032km,SPL3SMP_006_Sample_X_36.032km,SPL3SMP_006_Soil_Moisture_Retrieval_Data_AM_soil_moisture,SPL3SMP_006_Soil_Moisture_Retrieval_Data_AM_surface_temperature
0,0,0,0,0,0,0,0,18.027425,-67.14851999999999,2020-05-31,h00v00,140.0,302.0,,
1,1,1,1,1,1,1,1,18.027425,-67.14851999999999,2020-06-01,h00v00,140.0,302.0,,
2,2,2,2,2,2,2,2,18.027425,-67.14851999999999,2020-06-02,h00v00,140.0,302.0,,306.6542
3,3,3,3,3,3,3,3,18.027425,-67.14851999999999,2020-06-03,h00v00,140.0,302.0,,
4,4,4,4,4,4,4,4,18.027425,-67.14851999999999,2020-06-04,h00v00,140.0,302.0,,
5,5,5,5,5,5,5,5,18.027425,-67.14851999999999,2020-06-05,h00v00,140.0,302.0,,306.9856
6,6,6,6,6,6,6,6,18.027425,-67.14851999999999,2020-06-06,h00v00,140.0,302.0,,
7,7,7,7,7,7,7,7,18.027425,-67.14851999999999,2020-06-07,h00v00,140.0,302.0,,306.7578
8,8,8,8,8,8,8,8,18.027425,-67.14851999999999,2020-06-08,h00v00,140.0,302.0,,
9,9,9,9,9,9,9,9,18.027425,-67.14851999999999,2020-06-09,h00v00,140.0,302.0,,
10,10,10,10,10,10,10,10,18.027425,-67.14851999999999,2020-06-10,h00v00,140.0,302.0,,306.6091
11,11,11,11,11,11,11,11,18.027425,-67.14851999999999,2020-06-11,h00v00,140.0,302.0,,
12,12,12,12,12,12,12,12,18.027425,-67.14851999999999,2020-06-12,h00v00,140.0,302.0,,
13,13,13,13,13,13,13,13,18.027425,-67.14851999999999,2020-06-13,h00v00,140.0,302.0,,306.7255
14,14,14,14,14,14,14,14,18.027425,-67.14851999999999,2020-06-14,h00v00,140.0,302.0,,
15,15,15,15,15,15,15,15,18.027425,-67.14851999999999,2020-06-15,h00v00,140.0,302.0,,307.1268
16,16,16,16,16,16,16,16,18.027425,-67.14851999999999,2020-06-16,h00v00,140.0,302.0,,
17,17,17,17,17,17,17,17,18.027425,-67.14851999999999,2020-06-18,h00v00,140.0,302.0,,306.8309
18,18,18,18,18,18,18,18,18.027425,-67.14851999999999,2020-06-19,h00v00,140.0,302.0,,
19,19,19,19,19,19,19,19,18.027425,-67.14851999999999,2020-06-20,h00v00,140.0,302.0,,
20,20,20,20,20,20,20,20,18.027425,-67.14851999999999,2020-06-21,h00v00,140.0,302.0,,307.2708
21,21,21,21,21,21,21,21,18.027425,-67.14851999999999,2020-06-22,h00v00,140.0,302.0,,
22,22,22,22,22,22,22,22,18.027425,-67.14851999999999,2020-06-23,h00v00,140.0,302.0,,307.5689
23,23,23,23,23,23,23,23,18.027425,-67.14851999999999,2020-06-24,h00v00,140.0,302.0,,
24,24,24,24,24,24,24,24,18.027425,-67.14851999999999,2020-06-25,h00v00,140.0,302.0,,
25,25,25,25,25,25,25,25,18.027425,-67.14851999999999,2020-06-26,h00v00,140.0,302.0,,307.0318
26,26,26,26,26,26,26,26,18.027425,-67.14851999999999,2020-06-27,h00v00,140.0,302.0,,
27,27,27,27,27,27,27,27,18.027425,-67.14851999999999,2020-06-28,h00v00,140.0,302.0,,
28,28,28,28,28,28,28,28,18.027425,-67.14851999999999,2020-06-29,h00v00,140.0,302.0,,307.3522
29,29,29,29,29,29,29,29,18.027425,-67.14851999999999,2020-06-30,h00v00,140.0,302.0,,
30,30,30,30,30,30,30,30,18.027425,-67.14851999999999,2020-07-01,h00v00,140.0,302.0,,306.631
31,31,31,31,31,31,31,31,18.027425,-67.14851999999999,2020-07-02,h00v00,140.0,302.0,,
32,32,32,32,32,32,32,32,18.027425,-67.14851999999999,2020-07-03,h00v00,140.0,302.0,,
33,33,33,33,33,33,33,33,18.027425,-67.14851999999999,2020-07-04,h00v00,140.0,302.0,,307.1822
34,34,34,34,34,34,34,34,18.027425,-67.14851999999999,2020-07-05,h00v00,140.0,302.0,,
35,35,35,35,35,35,35,35,18.027425,-67.14851999999999,2020-07-06,h00v00,140.0,302.0,,
36,36,36,36,36,36,36,36,18.027425,-67.14851999999999,2020-07-07,h00v00,140.0,302.0,,307.1782
37,37,37,37,37,37,37,37,18.027425,-67.14851999999999,2020-07-08,h00v00,140.0,302.0,,
38,38,38,38,38,38,38,38,18.027425,-67.14851999999999,2020-07-09,h00v00,140.0,302.0,,
39,39,39,39,39,39,39,39,18.027425,-67.14851999999999,2020-07-10,h00v00,140.0,302.0,,
40,40,40,40,40,40,40,40,18.027425,-67.14851999999999,2020-07-11,h00v00,140.0,302.0,,
41,41,41,41,41,41,41,41,18.027425,-67.14851999999999,2020-07-12,h00v00,140.0,302.0,,307.0439
42,42,42,42,42,42,42,42,18.027425,-67.14851999999999,2020-07-13,h00v00,140.0,302.0,,
43,43,43,43,43,43,43,43,18.027425,-67.14851999999999,2020-07-14,h00v00,140.0,302.0,,
44,44,44,44,44,44,44,44,18.027425,-67.14851999999999,2020-07-15,h00v00,140.0,302.0,,307.1962
45,45,45,45,45,45,45,45,18.027425,-67.14851999999999,2020-07-16,h00v00,140.0,302.0,,
46,46,46,46,46,46,46,46,18.027425,-67.14851999999999,2020-07-17,h00v00,140.0,302.0,,306.7856
47,47,47,47,47,47,47,47,18.027425,-67.14851999999999,2020-07-18,h00v00,140.0,302.0,,
48,48,48,48,48,48,48,48,18.027425,-67.14851999999999,2020-07-19,h00v00,140.0,302.0,,
49,49,49,49,49,49,49,49,18.027425,-67.14851999999999,2020-07-20,h00v00,140.0,302.0,,306.5043
50,50,50,50,50,50,50,50,29.480144,-98.470846,2020-05-31,h00v00,103.0,218.0,0.1998,303.6563
51,51,51,51,51,51,51,51,29.480144,-98.470846,2020-06-01,h00v00,103.0,218.0,,
52,52,52,52,52,52,52,52,29.480144,-98.470846,2020-06-02,h00v00,103.0,218.0,,
53,53,53,53,53,53,53,53,29.480144,-98.470846,2020-06-03,h00v00,103.0,218.0,,
54,54,54,54,54,54,54,54,29.480144,-98.470846,2020-06-04,h00v00,103.0,218.0,,
55,55,55,55,55,55,55,55,29.480144,-98.470846,2020-06-05,h00v00,103.0,218.0,,
56,56,56,56,56,56,56,56,29.480144,-98.470846,2020-06-06,h00v00,103.0,218.0,0.1711,304.6909
57,57,57,57,57,57,57,57,29.480144,-98.470846,2020-06-07,h00v00,103.0,218.0,,
58,58,58,58,58,58,58,58,29.480144,-98.470846,2020-06-08,h00v00,103.0,218.0,0.158,306.2349
59,59,59,59,59,59,59,59,29.480144,-98.470846,2020-06-09,h00v00,103.0,218.0,,
60,60,60,60,60,60,60,60,29.480144,-98.470846,2020-06-10,h00v00,103.0,218.0,,
61,61,61,61,61,61,61,61,29.480144,-98.470846,2020-06-11,h00v00,103.0,218.0,0.1389,304.7466
62,62,62,62,62,62,62,62,29.480144,-98.470846,2020-06-12,h00v00,103.0,218.0,,
63,63,63,63,63,63,63,63,29.480144,-98.470846,2020-06-13,h00v00,103.0,218.0,,
64,64,64,64,64,64,64,64,29.480144,-98.470846,2020-06-14,h00v00,103.0,218.0,0.1374,304.2144
65,65,65,65,65,65,65,65,29.480144,-98.470846,2020-06-15,h00v00,103.0,218.0,,
66,66,66,66,66,66,66,66,29.480144,-98.470846,2020-06-16,h00v00,103.0,218.0,0.1498,305.2588
67,67,67,67,67,67,67,67,29.480144,-98.470846,2020-06-18,h00v00,103.0,218.0,,
68,68,68,68,68,68,68,68,29.480144,-98.470846,2020-06-19,h00v00,103.0,218.0,0.1403,306.0366
69,69,69,69,69,69,69,69,29.480144,-98.470846,2020-06-20,h00v00,103.0,218.0,,
70,70,70,70,70,70,70,70,29.480144,-98.470846,2020-06-21,h00v00,103.0,218.0,,
71,71,71,71,71,71,71,71,29.480144,-98.470846,2020-06-22,h00v00,103.0,218.0,0.1476,306.5148
72,72,72,72,72,72,72,72,29.480144,-98.470846,2020-06-23,h00v00,103.0,218.0,,
73,73,73,73,73,73,73,73,29.480144,-98.470846,2020-06-24,h00v00,103.0,218.0,0.2002,306.4065
74,74,74,74,74,74,74,74,29.480144,-98.470846,2020-06-25,h00v00,103.0,218.0,,
75,75,75,75,75,75,75,75,29.480144,-98.470846,2020-06-26,h00v00,103.0,218.0,,
76,76,76,76,76,76,76,76,29.480144,-98.470846,2020-06-27,h00v00,103.0,218.0,0.2196,306.3408
77,77,77,77,77,77,77,77,29.480144,-98.470846,2020-06-28,h00v00,103.0,218.0,,
78,78,78,78,78,78,78,78,29.480144,-98.470846,2020-06-29,h00v00,103.0,218.0,,
79,79,79,79,79,79,79,79,29.480144,-98.470846,2020-06-30,h00v00,103.0,218.0,0.1647,306.288
80,80,80,80,80,80,80,80,29.480144,-98.470846,2020-07-01,h00v00,103.0,218.0,,
81,81,81,81,81,81,81,81,29.480144,-98.470846,2020-07-02,h00v00,103.0,218.0,0.1488,307.3909
82,82,82,82,82,82,82,82,29.480144,-98.470846,2020-07-03,h00v00,103.0,218.0,,
83,83,83,83,83,83,83,83,29.480144,-98.470846,2020-07-04,h00v00,103.0,218.0,,
84,84,84,84,84,84,84,84,29.480144,-98.470846,2020-07-05,h00v00,103.0,218.0,0.1475,308.0907
85,85,85,85,85,85,85,85,29.480144,-98.470846,2020-07-06,h00v00,103.0,218.0,,
86,86,86,86,86,86,86,86,29.480144,-98.470846,2020-07-07,h00v00,103.0,218.0,,
87,87,87,87,87,87,87,87,29.480144,-98.470846,2020-07-08,h00v00,103.0,218.0,0.1385,308.4551
88,88,88,88,88,88,88,88,29.480144,-98.470846,2020-07-09,h00v00,103.0,218.0,,
89,89,89,89,89,89,89,89,29.480144,-98.470846,2020-07-10,h00v00,103.0,218.0,0.1085,308.4785
90,90,90,90,90,90,90,90,29.480144,-98.470846,2020-07-11,h00v00,103.0,218.0,,
91,91,91,91,91,91,91,91,29.480144,-98.470846,2020-07-12,h00v00,103.0,218.0,,
92,92,92,92,92,92,92,92,29.480144,-98.470846,2020-07-13,h00v00,103.0,218.0,0.1401,309.3494
93,93,93,93,93,93,93,93,29.480144,-98.470846,2020-07-14,h00v00,103.0,218.0,,
94,94,94,94,94,94,94,94,29.480144,-98.470846,2020-07-15,h00v00,103.0,218.0,,
95,95,95,95,95,95,95,95,29.480144,-98.470846,2020-07-16,h00v00,103.0,218.0,0.1294,308.8857
96,96,96,96,96,96,96,96,29.480144,-98.470846,2020-07-17,h00v00,103.0,218.0,,
97,97,97,97,97,97,97,97,29.480144,-98.470846,2020-07-18,h00v00,103.0,218.0,0.1337,308.8759
98,98,98,98,98,98,98,98,29.480144,-98.470846,2020-07-19,h00v00,103.0,218.0,,
99,99,99,99,99,99,99,99,29.480144,-98.470846,2020-07-20,h00v00,103.0,218.0,,
100,100,100,100,100,100,100,100,29.781019,-95.431896,2020-05-31,h00v00,102.0,226.0,0.333,303.782
101,101,101,101,101,101,101,101,29.781019,-95.431896,2020-06-01,h00v00,102.0,226.0,,
102,102,102,102,102,102,102,102,29.781019,-95.431896,2020-06-02,h00v00,102.0,226.0,,
103,103,103,103,103,103,103,103,29.781019,-95.431896,2020-06-03,h00v00,102.0,226.0,,
104,104,104,104,104,104,104,104,29.781019,-95.431896,2020-06-04,h00v00,102.0,226.0,,
105,105,105,105,105,105,105,105,29.781019,-95.431896,2020-06-05,h00v00,102.0,226.0,0.3332,304.545
106,106,106,106,106,106,106,106,29.781019,-95.431896,2020-06-06,h00v00,102.0,226.0,,
107,107,107,107,107,107,107,107,29.781019,-95.431896,2020-06-07,h00v00,102.0,226.0,,
108,108,108,108,108,108,108,108,29.781019,-95.431896,2020-06-08,h00v00,102.0,226.0,0.2874,305.5561
109,109,109,109,109,109,109,109,29.781019,-95.431896,2020-06-09,h00v00,102.0,226.0,,
110,110,110,110,110,110,110,110,29.781019,-95.431896,2020-06-10,h00v00,102.0,226.0,,
111,111,111,111,111,111,111,111,29.781019,-95.431896,2020-06-11,h00v00,102.0,226.0,0.2775,303.8879
112,112,112,112,112,112,112,112,29.781019,-95.431896,2020-06-12,h00v00,102.0,226.0,,
113,113,113,113,113,113,113,113,29.781019,-95.431896,2020-06-13,h00v00,102.0,226.0,,
114,114,114,114,114,114,114,114,29.781019,-95.431896,2020-06-14,h00v00,102.0,226.0,,
115,115,115,115,115,115,115,115,29.781019,-95.431896,2020-06-15,h00v00,102.0,226.0,,
116,116,116,116,116,116,116,116,29.781019,-95.431896,2020-06-16,h00v00,102.0,226.0,0.2287,304.8213
117,117,117,117,117,117,117,117,29.781019,-95.431896,2020-06-18,h00v00,102.0,226.0,,
118,118,118,118,118,118,118,118,29.781019,-95.431896,2020-06-19,h00v00,102.0,226.0,0.2406,305.1255
119,119,119,119,119,119,119,119,29.781019,-95.431896,2020-06-20,h00v00,102.0,226.0,,
120,120,120,120,120,120,120,120,29.781019,-95.431896,2020-06-21,h00v00,102.0,226.0,0.324,305.4745
121,121,121,121,121,121,121,121,29.781019,-95.431896,2020-06-22,h00v00,102.0,226.0,,
122,122,122,122,122,122,122,122,29.781019,-95.431896,2020-06-23,h00v00,102.0,226.0,,
123,123,123,123,123,123,123,123,29.781019,-95.431896,2020-06-24,h00v00,102.0,226.0,0.4791,305.7582
124,124,124,124,124,124,124,124,29.781019,-95.431896,2020-06-25,h00v00,102.0,226.0,,
125,125,125,125,125,125,125,125,29.781019,-95.431896,2020-06-26,h00v00,102.0,226.0,,
126,126,126,126,126,126,126,126,29.781019,-95.431896,2020-06-27,h00v00,102.0,226.0,0.4001,305.3903
127,127,127,127,127,127,127,127,29.781019,-95.431896,2020-06-28,h00v00,102.0,226.0,,
128,128,128,128,128,128,128,128,29.781019,-95.431896,2020-06-29,h00v00,102.0,226.0,0.354,305.9704
129,129,129,129,129,129,129,129,29.781019,-95.431896,2020-06-30,h00v00,102.0,226.0,,
130,130,130,130,130,130,130,130,29.781019,-95.431896,2020-07-01,h00v00,102.0,226.0,,
131,131,131,131,131,131,131,131,29.781019,-95.431896,2020-07-02,h00v00,102.0,226.0,0.2859,307.0321
132,132,132,132,132,132,132,132,29.781019,-95.431896,2020-07-03,h00v00,102.0,226.0,,
133,133,133,133,133,133,133,133,29.781019,-95.431896,2020-07-04,h00v00,102.0,226.0,,
134,134,134,134,134,134,134,134,29.781019,-95.431896,2020-07-05,h00v00,102.0,226.0,0.2829,307.3134
135,135,135,135,135,135,135,135,29.781019,-95.431896,2020-07-06,h00v00,102.0,226.0,,
136,136,136,136,136,136,136,136,29.781019,-95.431896,2020-07-07,h00v00,102.0,226.0,0.2536,307.0024
137,137,137,137,137,137,137,137,29.781019,-95.431896,2020-07-08,h00v00,102.0,226.0,,
138,138,138,138,138,138,138,138,29.781019,-95.431896,2020-07-09,h00v00,102.0,226.0,,
139,139,139,139,139,139,139,139,29.781019,-95.431896,2020-07-10,h00v00,102.0,226.0,0.2545,307.5869
140,140,140,140,140,140,140,140,29.781019,-95.431896,2020-07-11,h00v00,102.0,226.0,,
141,141,141,141,141,141,141,141,29.781019,-95.431896,2020-07-12,h00v00,102.0,226.0,,
142,142,142,142,142,142,142,142,29.781019,-95.431896,2020-07-13,h00v00,102.0,226.0,0.2381,308.5705
143,143,143,143,143,143,143,143,29.781019,-95.431896,2020-07-14,h00v00,102.0,226.0,,
144,144,144,144,144,144,144,144,29.781019,-95.431896,2020-07-15,h00v00,102.0,226.0,0.2424,308.498
145,145,145,145,145,145,145,145,29.781019,-95.431896,2020-07-16,h00v00,102.0,226.0,,
146,146,146,146,146,146,146,146,29.781019,-95.431896,2020-07-17,h00v00,102.0,226.0,,
147,147,147,147,147,147,147,147,29.781019,-95.431896,2020-07-18,h00v00,102.0,226.0,0.2923,306.9890000000001
148,148,148,148,148,148,148,148,29.781019,-95.431896,2020-07-19,h00v00,102.0,226.0,,
149,149,149,149,149,149,149,149,29.781019,-95.431896,2020-07-20,h00v00,102.0,226.0,,
150,150,150,150,150,150,150,150,29.781038,-95.430862,2020-05-31,h00v00,102.0,226.0,0.333,303.782
151,151,151,151,151,151,151,151,29.781038,-95.430862,2020-06-01,h00v00,102.0,226.0,,
152,152,152,152,152,152,152,152,29.781038,-95.430862,2020-06-02,h00v00,102.0,226.0,,
153,153,153,153,153,153,153,153,29.781038,-95.430862,2020-06-03,h00v00,102.0,226.0,,
154,154,154,154,154,154,154,154,29.781038,-95.430862,2020-06-04,h00v00,102.0,226.0,,
155,155,155,155,155,155,155,155,29.781038,-95.430862,2020-06-05,h00v00,102.0,226.0,0.3332,304.545
156,156,156,156,156,156,156,156,29.781038,-95.430862,2020-06-06,h00v00,102.0,226.0,,
157,157,157,157,157,157,157,157,29.781038,-95.430862,2020-06-07,h00v00,102.0,226.0,,
158,158,158,158,158,158,158,158,29.781038,-95.430862,2020-06-08,h00v00,102.0,226.0,0.2874,305.5561
159,159,159,159,159,159,159,159,29.781038,-95.430862,2020-06-09,h00v00,102.0,226.0,,
160,160,160,160,160,160,160,160,29.781038,-95.430862,2020-06-10,h00v00,102.0,226.0,,
161,161,161,161,161,161,161,161,29.781038,-95.430862,2020-06-11,h00v00,102.0,226.0,0.2775,303.8879
162,162,162,162,162,162,162,162,29.781038,-95.430862,2020-06-12,h00v00,102.0,226.0,,
163,163,163,163,163,163,163,163,29.781038,-95.430862,2020-06-13,h00v00,102.0,226.0,,
164,164,164,164,164,164,164,164,29.781038,-95.430862,2020-06-14,h00v00,102.0,226.0,,
165,165,165,165,165,165,165,165,29.781038,-95.430862,2020-06-15,h00v00,102.0,226.0,,
166,166,166,166,166,166,166,166,29.781038,-95.430862,2020-06-16,h00v00,102.0,226.0,0.2287,304.8213
167,167,167,167,167,167,167,167,29.781038,-95.430862,2020-06-18,h00v00,102.0,226.0,,
168,168,168,168,168,168,168,168,29.781038,-95.430862,2020-06-19,h00v00,102.0,226.0,0.2406,305.1255
169,169,169,169,169,169,169,169,29.781038,-95.430862,2020-06-20,h00v00,102.0,226.0,,
170,170,170,170,170,170,170,170,29.781038,-95.430862,2020-06-21,h00v00,102.0,226.0,0.324,305.4745
171,171,171,171,171,171,171,171,29.781038,-95.430862,2020-06-22,h00v00,102.0,226.0,,
172,172,172,172,172,172,172,172,29.781038,-95.430862,2020-06-23,h00v00,102.0,226.0,,
173,173,173,173,173,173,173,173,29.781038,-95.430862,2020-06-24,h00v00,102.0,226.0,0.4791,305.7582
174,174,174,174,174,174,174,174,29.781038,-95.430862,2020-06-25,h00v00,102.0,226.0,,
175,175,175,175,175,175,175,175,29.781038,-95.430862,2020-06-26,h00v00,102.0,226.0,,
176,176,176,176,176,176,176,176,29.781038,-95.430862,2020-06-27,h00v00,102.0,226.0,0.4001,305.3903
177,177,177,177,177,177,177,177,29.781038,-95.430862,2020-06-28,h00v00,102.0,226.0,,
178,178,178,178,178,178,178,178,29.781038,-95.430862,2020-06-29,h00v00,102.0,226.0,0.354,305.9704
179,179,179,179,179,179,179,179,29.781038,-95.430862,2020-06-30,h00v00,102.0,226.0,,
180,180,180,180,180,180,180,180,29.781038,-95.430862,2020-07-01,h00v00,102.0,226.0,,
181,181,181,181,181,181,181,181,29.781038,-95.430862,2020-07-02,h00v00,102.0,226.0,0.2859,307.0321
182,182,182,182,182,182,182,182,29.781038,-95.430862,2020-07-03,h00v00,102.0,226.0,,
183,183,183,183,183,183,183,183,29.781038,-95.430862,2020-07-04,h00v00,102.0,226.0,,
184,184,184,184,184,184,184,184,29.781038,-95.430862,2020-07-05,h00v00,102.0,226.0,0.2829,307.3134
185,185,185,185,185,185,185,185,29.781038,-95.430862,2020-07-06,h00v00,102.0,226.0,,
186,186,186,186,186,186,186,186,29.781038,-95.430862,2020-07-07,h00v00,102.0,226.0,0.2536,307.0024
187,187,187,187,187,187,187,187,29.781038,-95.430862,2020-07-08,h00v00,102.0,226.0,,
188,188,188,188,188,188,188,188,29.781038,-95.430862,2020-07-09,h00v00,102.0,226.0,,
189,189,189,189,189,189,189,189,29.781038,-95.430862,2020-07-10,h00v00,102.0,226.0,0.2545,307.5869
190,190,190,190,190,190,190,190,29.781038,-95.430862,2020-07-11,h00v00,102.0,226.0,,
191,191,191,191,191,191,191,191,29.781038,-95.430862,2020-07-12,h00v00,102.0,226.0,,
192,192,192,192,192,192,192,192,29.781038,-95.430862,2020-07-13,h00v00,102.0,226.0,0.2381,308.5705
193,193,193,193,193,193,193,193,29.781038,-95.430862,2020-07-14,h00v00,102.0,226.0,,
194,194,194,194,194,194,194,194,29.781038,-95.430862,2020-07-15,h00v00,102.0,226.0,0.2424,308.498
195,195,195,195,195,195,195,195,29.781038,-95.430862,2020-07-16,h00v00,102.0,226.0,,
196,196,196,196,196,196,196,196,29.781038,-95.430862,2020-07-17,h00v00,102.0,226.0,,
197,197,197,197,197,197,197,197,29.781038,-95.430862,2020-07-18,h00v00,102.0,226.0,0.2923,306.9890000000001
198,198,198,198,198,198,198,198,29.781038,-95.430862,2020-07-19,h00v00,102.0,226.0,,
199,199,199,199,199,199,199,199,29.781038,-95.430862,2020-07-20,h00v00,102.0,226.0,,
200,200,200,200,200,200,200,200,29.781057,-95.429829,2020-05-31,h00v00,102.0,226.0,0.333,303.782
201,201,201,201,201,201,201,201,29.781057,-95.429829,2020-06-01,h00v00,102.0,226.0,,
202,202,202,202,202,202,202,202,29.781057,-95.429829,2020-06-02,h00v00,102.0,226.0,,
203,203,203,203,203,203,203,203,29.781057,-95.429829,2020-06-03,h00v00,102.0,226.0,,
204,204,204,204,204,204,204,204,29.781057,-95.429829,2020-06-04,h00v00,102.0,226.0,,
205,205,205,205,205,205,205,205,29.781057,-95.429829,2020-06-05,h00v00,102.0,226.0,0.3332,304.545
206,206,206,206,206,206,206,206,29.781057,-95.429829,2020-06-06,h00v00,102.0,226.0,,
207,207,207,207,207,207,207,207,29.781057,-95.429829,2020-06-07,h00v00,102.0,226.0,,
208,208,208,208,208,208,208,208,29.781057,-95.429829,2020-06-08,h00v00,102.0,226.0,0.2874,305.5561
209,209,209,209,209,209,209,209,29.781057,-95.429829,2020-06-09,h00v00,102.0,226.0,,
210,210,210,210,210,210,210,210,29.781057,-95.429829,2020-06-10,h00v00,102.0,226.0,,
211,211,211,211,211,211,211,211,29.781057,-95.429829,2020-06-11,h00v00,102.0,226.0,0.2775,303.8879
212,212,212,212,212,212,212,212,29.781057,-95.429829,2020-06-12,h00v00,102.0,226.0,,
213,213,213,213,213,213,213,213,29.781057,-95.429829,2020-06-13,h00v00,102.0,226.0,,
214,214,214,214,214,214,214,214,29.781057,-95.429829,2020-06-14,h00v00,102.0,226.0,,
215,215,215,215,215,215,215,215,29.781057,-95.429829,2020-06-15,h00v00,102.0,226.0,,
216,216,216,216,216,216,216,216,29.781057,-95.429829,2020-06-16,h00v00,102.0,226.0,0.2287,304.8213
217,217,217,217,217,217,217,217,29.781057,-95.429829,2020-06-18,h00v00,102.0,226.0,,
218,218,218,218,218,218,218,218,29.781057,-95.429829,2020-06-19,h00v00,102.0,226.0,0.2406,305.1255
219,219,219,219,219,219,219,219,29.781057,-95.429829,2020-06-20,h00v00,102.0,226.0,,
220,220,220,220,220,220,220,220,29.781057,-95.429829,2020-06-21,h00v00,102.0,226.0,0.324,305.4745
221,221,221,221,221,221,221,221,29.781057,-95.429829,2020-06-22,h00v00,102.0,226.0,,
222,222,222,222,222,222,222,222,29.781057,-95.429829,2020-06-23,h00v00,102.0,226.0,,
223,223,223,223,223,223,223,223,29.781057,-95.429829,2020-06-24,h00v00,102.0,226.0,0.4791,305.7582
224,224,224,224,224,224,224,224,29.781057,-95.429829,2020-06-25,h00v00,102.0,226.0,,
225,225,225,225,225,225,225,225,29.781057,-95.429829,2020-06-26,h00v00,102.0,226.0,,
226,226,226,226,226,226,226,226,29.781057,-95.429829,2020-06-27,h00v00,102.0,226.0,0.4001,305.3903
227,227,227,227,227,227,227,227,29.781057,-95.429829,2020-06-28,h00v00,102.0,226.0,,
228,228,228,228,228,228,228,228,29.781057,-95.429829,2020-06-29,h00v00,102.0,226.0,0.354,305.9704
229,229,229,229,229,229,229,229,29.781057,-95.429829,2020-06-30,h00v00,102.0,226.0,,
230,230,230,230,230,230,230,230,29.781057,-95.429829,2020-07-01,h00v00,102.0,226.0,,
231,231,231,231,231,231,231,231,29.781057,-95.429829,2020-07-02,h00v00,102.0,226.0,0.2859,307.0321
232,232,232,232,232,232,232,232,29.781057,-95.429829,2020-07-03,h00v00,102.0,226.0,,
233,233,233,233,233,233,233,233,29.781057,-95.429829,2020-07-04,h00v00,102.0,226.0,,
234,234,234,234,234,234,234,234,29.781057,-95.429829,2020-07-05,h00v00,102.0,226.0,0.2829,307.3134
235,235,235,235,235,235,235,235,29.781057,-95.429829,2020-07-06,h00v00,102.0,226.0,,
236,236,236,236,236,236,236,236,29.781057,-95.429829,2020-07-07,h00v00,102.0,226.0,0.2536,307.0024
237,237,237,237,237,237,237,237,29.781057,-95.429829,2020-07-08,h00v00,102.0,226.0,,
238,238,238,238,238,238,238,238,29.781057,-95.429829,2020-07-09,h00v00,102.0,226.0,,
239,239,239,239,239,239,239,239,29.781057,-95.429829,2020-07-10,h00v00,102.0,226.0,0.2545,307.5869
240,240,240,240,240,240,240,240,29.781057,-95.429829,2020-07-11,h00v00,102.0,226.0,,
241,241,241,241,241,241,241,241,29.781057,-95.429829,2020-07-12,h00v00,102.0,226.0,,
242,242,242,242,242,242,242,242,29.781057,-95.429829,2020-07-13,h00v00,102.0,226.0,0.2381,308.5705
243,243,243,243,243,243,243,243,29.781057,-95.429829,2020-07-14,h00v00,102.0,226.0,,
244,244,244,244,244,244,244,244,29.781057,-95.429829,2020-07-15,h00v00,102.0,226.0,0.2424,308.498
245,245,245,245,245,245,245,245,29.781057,-95.429829,2020-07-16,h00v00,102.0,226.0,,
246,246,246,246,246,246,246,246,29.781057,-95.429829,2020-07-17,h00v00,102.0,226.0,,
247,247,247,247,247,247,247,247,29.781057,-95.429829,2020-07-18,h00v00,102.0,226.0,0.2923,306.9890000000001
248,248,248,248,248,248,248,248,29.781057,-95.429829,2020-07-19,h00v00,102.0,226.0,,
249,249,249,249,249,249,249,249,29.781057,-95.429829,2020-07-20,h00v00,102.0,226.0,,
250,250,250,250,250,250,250,250,29.781076,-95.428795,2020-05-31,h00v00,102.0,226.0,0.333,303.782
251,251,251,251,251,251,251,251,29.781076,-95.428795,2020-06-01,h00v00,102.0,226.0,,
252,252,252,252,252,252,252,252,29.781076,-95.428795,2020-06-02,h00v00,102.0,226.0,,
253,253,253,253,253,253,253,253,29.781076,-95.428795,2020-06-03,h00v00,102.0,226.0,,
254,254,254,254,254,254,254,254,29.781076,-95.428795,2020-06-04,h00v00,102.0,226.0,,
255,255,255,255,255,255,255,255,29.781076,-95.428795,2020-06-05,h00v00,102.0,226.0,0.3332,304.545
256,256,256,256,256,256,256,256,29.781076,-95.428795,2020-06-06,h00v00,102.0,226.0,,
257,257,257,257,257,257,257,257,29.781076,-95.428795,2020-06-07,h00v00,102.0,226.0,,
258,258,258,258,258,258,258,258,29.781076,-95.428795,2020-06-08,h00v00,102.0,226.0,0.2874,305.5561
259,259,259,259,259,259,259,259,29.781076,-95.428795,2020-06-09,h00v00,102.0,226.0,,
260,260,260,260,260,260,260,260,29.781076,-95.428795,2020-06-10,h00v00,102.0,226.0,,
261,261,261,261,261,261,261,261,29.781076,-95.428795,2020-06-11,h00v00,102.0,226.0,0.2775,303.8879
262,262,262,262,262,262,262,262,29.781076,-95.428795,2020-06-12,h00v00,102.0,226.0,,
263,263,263,263,263,263,263,263,29.781076,-95.428795,2020-06-13,h00v00,102.0,226.0,,
264,264,264,264,264,264,264,264,29.781076,-95.428795,2020-06-14,h00v00,102.0,226.0,,
265,265,265,265,265,265,265,265,29.781076,-95.428795,2020-06-15,h00v00,102.0,226.0,,
266,266,266,266,266,266,266,266,29.781076,-95.428795,2020-06-16,h00v00,102.0,226.0,0.2287,304.8213
267,267,267,267,267,267,267,267,29.781076,-95.428795,2020-06-18,h00v00,102.0,226.0,,
268,268,268,268,268,268,268,268,29.781076,-95.428795,2020-06-19,h00v00,102.0,226.0,0.2406,305.1255
269,269,269,269,269,269,269,269,29.781076,-95.428795,2020-06-20,h00v00,102.0,226.0,,
270,270,270,270,270,270,270,270,29.781076,-95.428795,2020-06-21,h00v00,102.0,226.0,0.324,305.4745
271,271,271,271,271,271,271,271,29.781076,-95.428795,2020-06-22,h00v00,102.0,226.0,,
272,272,272,272,272,272,272,272,29.781076,-95.428795,2020-06-23,h00v00,102.0,226.0,,
273,273,273,273,273,273,273,273,29.781076,-95.428795,2020-06-24,h00v00,102.0,226.0,0.4791,305.7582
274,274,274,274,274,274,274,274,29.781076,-95.428795,2020-06-25,h00v00,102.0,226.0,,
275,275,275,275,275,275,275,275,29.781076,-95.428795,2020-06-26,h00v00,102.0,226.0,,
276,276,276,276,276,276,276,276,29.781076,-95.428795,2020-06-27,h00v00,102.0,226.0,0.4001,305.3903
277,277,277,277,277,277,277,277,29.781076,-95.428795,2020-06-28,h00v00,102.0,226.0,,
278,278,278,278,278,278,278,278,29.781076,-95.428795,2020-06-29,h00v00,102.0,226.0,0.354,305.9704
279,279,279,279,279,279,279,279,29.781076,-95.428795,2020-06-30,h00v00,102.0,226.0,,
280,280,280,280,280,280,280,280,29.781076,-95.428795,2020-07-01,h00v00,102.0,226.0,,
281,281,281,281,281,281,281,281,29.781076,-95.428795,2020-07-02,h00v00,102.0,226.0,0.2859,307.0321
282,282,282,282,282,282,282,282,29.781076,-95.428795,2020-07-03,h00v00,102.0,226.0,,
283,283,283,283,283,283,283,283,29.781076,-95.428795,2020-07-04,h00v00,102.0,226.0,,
284,284,284,284,284,284,284,284,29.781076,-95.428795,2020-07-05,h00v00,102.0,226.0,0.2829,307.3134
285,285,285,285,285,285,285,285,29.781076,-95.428795,2020-07-06,h00v00,102.0,226.0,,
286,286,286,286,286,286,286,286,29.781076,-95.428795,2020-07-07,h00v00,102.0,226.0,0.2536,307.0024
287,287,287,287,287,287,287,287,29.781076,-95.428795,2020-07-08,h00v00,102.0,226.0,,
288,288,288,288,288,288,288,288,29.781076,-95.428795,2020-07-09,h00v00,102.0,226.0,,
289,289,289,289,289,289,289,289,29.781076,-95.428795,2020-07-10,h00v00,102.0,226.0,0.2545,307.5869
290,290,290,290,290,290,290,290,29.781076,-95.428795,2020-07-11,h00v00,102.0,226.0,,
291,291,291,291,291,291,291,291,29.781076,-95.428795,2020-07-12,h00v00,102.0,226.0,,
292,292,292,292,292,292,292,292,29.781076,-95.428795,2020-07-13,h00v00,102.0,226.0,0.2381,308.5705
293,293,293,293,293,293,293,293,29.781076,-95.428795,2020-07-14,h00v00,102.0,226.0,,
294,294,294,294,294,294,294,294,29.781076,-95.428795,2020-07-15,h00v00,102.0,226.0,0.2424,308.498
295,295,295,295,295,295,295,295,29.781076,-95.428795,2020-07-16,h00v00,102.0,226.0,,
296,296,296,296,296,296,296,296,29.781076,-95.428795,2020-07-17,h00v00,102.0,226.0,,
297,297,297,297,297,297,297,297,29.781076,-95.428795,2020-07-18,h00v00,102.0,226.0,0.2923,306.9890000000001
298,298,298,298,298,298,298,298,29.781076,-95.428795,2020-07-19,h00v00,102.0,226.0,,
299,299,299,299,299,299,299,299,29.781076,-95.428795,2020-07-20,h00v00,102.0,226.0,,
300,300,300,300,300,300,300,300,30.301337,-97.888287,2020-05-31,h00v00,100.0,219.0,0.208,302.416
301,301,301,301,301,301,301,301,30.301337,-97.888287,2020-06-01,h00v00,100.0,219.0,,
302,302,302,302,302,302,302,302,30.301337,-97.888287,2020-06-02,h00v00,100.0,219.0,,
303,303,303,303,303,303,303,303,30.301337,-97.888287,2020-06-03,h00v00,100.0,219.0,,
304,304,304,304,304,304,304,304,30.301337,-97.888287,2020-06-04,h00v00,100.0,219.0,,
305,305,305,305,305,305,305,305,30.301337,-97.888287,2020-06-05,h00v00,100.0,219.0,,
306,306,306,306,306,306,306,306,30.301337,-97.888287,2020-06-06,h00v00,100.0,219.0,0.1739,304.0581
307,307,307,307,307,307,307,307,30.301337,-97.888287,2020-06-07,h00v00,100.0,219.0,,
308,308,308,308,308,308,308,308,30.301337,-97.888287,2020-06-08,h00v00,100.0,219.0,0.1845,305.4909
309,309,309,309,309,309,309,309,30.301337,-97.888287,2020-06-09,h00v00,100.0,219.0,,
310,310,310,310,310,310,310,310,30.301337,-97.888287,2020-06-10,h00v00,100.0,219.0,,
311,311,311,311,311,311,311,311,30.301337,-97.888287,2020-06-11,h00v00,100.0,219.0,0.1677,303.8368
312,312,312,312,312,312,312,312,30.301337,-97.888287,2020-06-12,h00v00,100.0,219.0,,
313,313,313,313,313,313,313,313,30.301337,-97.888287,2020-06-13,h00v00,100.0,219.0,,
314,314,314,314,314,314,314,314,30.301337,-97.888287,2020-06-14,h00v00,100.0,219.0,0.1666,303.6837
315,315,315,315,315,315,315,315,30.301337,-97.888287,2020-06-15,h00v00,100.0,219.0,,
316,316,316,316,316,316,316,316,30.301337,-97.888287,2020-06-16,h00v00,100.0,219.0,0.1574,304.8924
317,317,317,317,317,317,317,317,30.301337,-97.888287,2020-06-18,h00v00,100.0,219.0,,
318,318,318,318,318,318,318,318,30.301337,-97.888287,2020-06-19,h00v00,100.0,219.0,0.1486,305.1972
319,319,319,319,319,319,319,319,30.301337,-97.888287,2020-06-20,h00v00,100.0,219.0,,
320,320,320,320,320,320,320,320,30.301337,-97.888287,2020-06-21,h00v00,100.0,219.0,,
321,321,321,321,321,321,321,321,30.301337,-97.888287,2020-06-22,h00v00,100.0,219.0,0.1748,305.9623
322,322,322,322,322,322,322,322,30.301337,-97.888287,2020-06-23,h00v00,100.0,219.0,,
323,323,323,323,323,323,323,323,30.301337,-97.888287,2020-06-24,h00v00,100.0,219.0,0.2255,304.4119
324,324,324,324,324,324,324,324,30.301337,-97.888287,2020-06-25,h00v00,100.0,219.0,,
325,325,325,325,325,325,325,325,30.301337,-97.888287,2020-06-26,h00v00,100.0,219.0,,
326,326,326,326,326,326,326,326,30.301337,-97.888287,2020-06-27,h00v00,100.0,219.0,0.2161,305.0831
327,327,327,327,327,327,327,327,30.301337,-97.888287,2020-06-28,h00v00,100.0,219.0,,
328,328,328,328,328,328,328,328,30.301337,-97.888287,2020-06-29,h00v00,100.0,219.0,,
329,329,329,329,329,329,329,329,30.301337,-97.888287,2020-06-30,h00v00,100.0,219.0,0.2032,305.5251
330,330,330,330,330,330,330,330,30.301337,-97.888287,2020-07-01,h00v00,100.0,219.0,,
331,331,331,331,331,331,331,331,30.301337,-97.888287,2020-07-02,h00v00,100.0,219.0,0.1793,306.2325
332,332,332,332,332,332,332,332,30.301337,-97.888287,2020-07-03,h00v00,100.0,219.0,,
333,333,333,333,333,333,333,333,30.301337,-97.888287,2020-07-04,h00v00,100.0,219.0,,
334,334,334,334,334,334,334,334,30.301337,-97.888287,2020-07-05,h00v00,100.0,219.0,0.1611,307.303
335,335,335,335,335,335,335,335,30.301337,-97.888287,2020-07-06,h00v00,100.0,219.0,,
336,336,336,336,336,336,336,336,30.301337,-97.888287,2020-07-07,h00v00,100.0,219.0,,
337,337,337,337,337,337,337,337,30.301337,-97.888287,2020-07-08,h00v00,100.0,219.0,0.1765,307.3331
338,338,338,338,338,338,338,338,30.301337,-97.888287,2020-07-09,h00v00,100.0,219.0,,
339,339,339,339,339,339,339,339,30.301337,-97.888287,2020-07-10,h00v00,100.0,219.0,0.1599,307.4949
340,340,340,340,340,340,340,340,30.301337,-97.888287,2020-07-11,h00v00,100.0,219.0,,
341,341,341,341,341,341,341,341,30.301337,-97.888287,2020-07-12,h00v00,100.0,219.0,,
342,342,342,342,342,342,342,342,30.301337,-97.888287,2020-07-13,h00v00,100.0,219.0,0.1559,308.8399
343,343,343,343,343,343,343,343,30.301337,-97.888287,2020-07-14,h00v00,100.0,219.0,,
344,344,344,344,344,344,344,344,30.301337,-97.888287,2020-07-15,h00v00,100.0,219.0,,
345,345,345,345,345,345,345,345,30.301337,-97.888287,2020-07-16,h00v00,100.0,219.0,0.1566,308.0497
346,346,346,346,346,346,346,346,30.301337,-97.888287,2020-07-17,h00v00,100.0,219.0,,
347,347,347,347,347,347,347,347,30.301337,-97.888287,2020-07-18,h00v00,100.0,219.0,0.1583,308.3184
348,348,348,348,348,348,348,348,30.301337,-97.888287,2020-07-19,h00v00,100.0,219.0,,
349,349,349,349,349,349,349,349,30.301337,-97.888287,2020-07-20,h00v00,100.0,219.0,,
350,350,350,350,350,350,350,350,30.3646,-97.900059,2020-05-31,h00v00,100.0,219.0,0.208,302.416
351,351,351,351,351,351,351,351,30.3646,-97.900059,2020-06-01,h00v00,100.0,219.0,,
352,352,352,352,352,352,352,352,30.3646,-97.900059,2020-06-02,h00v00,100.0,219.0,,
353,353,353,353,353,353,353,353,30.3646,-97.900059,2020-06-03,h00v00,100.0,219.0,,
354,354,354,354,354,354,354,354,30.3646,-97.900059,2020-06-04,h00v00,100.0,219.0,,
355,355,355,355,355,355,355,355,30.3646,-97.900059,2020-06-05,h00v00,100.0,219.0,,
356,356,356,356,356,356,356,356,30.3646,-97.900059,2020-06-06,h00v00,100.0,219.0,0.1739,304.0581
357,357,357,357,357,357,357,357,30.3646,-97.900059,2020-06-07,h00v00,100.0,219.0,,
358,358,358,358,358,358,358,358,30.3646,-97.900059,2020-06-08,h00v00,100.0,219.0,0.1845,305.4909
359,359,359,359,359,359,359,359,30.3646,-97.900059,2020-06-09,h00v00,100.0,219.0,,
360,360,360,360,360,360,360,360,30.3646,-97.900059,2020-06-10,h00v00,100.0,219.0,,
361,361,361,361,361,361,361,361,30.3646,-97.900059,2020-06-11,h00v00,100.0,219.0,0.1677,303.8368
362,362,362,362,362,362,362,362,30.3646,-97.900059,2020-06-12,h00v00,100.0,219.0,,
363,363,363,363,363,363,363,363,30.3646,-97.900059,2020-06-13,h00v00,100.0,219.0,,
364,364,364,364,364,364,364,364,30.3646,-97.900059,2020-06-14,h00v00,100.0,219.0,0.1666,303.6837
365,365,365,365,365,365,365,365,30.3646,-97.900059,2020-06-15,h00v00,100.0,219.0,,
366,366,366,366,366,366,366,366,30.3646,-97.900059,2020-06-16,h00v00,100.0,219.0,0.1574,304.8924
367,367,367,367,367,367,367,367,30.3646,-97.900059,2020-06-18,h00v00,100.0,219.0,,
368,368,368,368,368,368,368,368,30.3646,-97.900059,2020-06-19,h00v00,100.0,219.0,0.1486,305.1972
369,369,369,369,369,369,369,369,30.3646,-97.900059,2020-06-20,h00v00,100.0,219.0,,
370,370,370,370,370,370,370,370,30.3646,-97.900059,2020-06-21,h00v00,100.0,219.0,,
371,371,371,371,371,371,371,371,30.3646,-97.900059,2020-06-22,h00v00,100.0,219.0,0.1748,305.9623
372,372,372,372,372,372,372,372,30.3646,-97.900059,2020-06-23,h00v00,100.0,219.0,,
373,373,373,373,373,373,373,373,30.3646,-97.900059,2020-06-24,h00v00,100.0,219.0,0.2255,304.4119
374,374,374,374,374,374,374,374,30.3646,-97.900059,2020-06-25,h00v00,100.0,219.0,,
375,375,375,375,375,375,375,375,30.3646,-97.900059,2020-06-26,h00v00,100.0,219.0,,
376,376,376,376,376,376,376,376,30.3646,-97.900059,2020-06-27,h00v00,100.0,219.0,0.2161,305.0831
377,377,377,377,377,377,377,377,30.3646,-97.900059,2020-06-28,h00v00,100.0,219.0,,
378,378,378,378,378,378,378,378,30.3646,-97.900059,2020-06-29,h00v00,100.0,219.0,,
379,379,379,379,379,379,379,379,30.3646,-97.900059,2020-06-30,h00v00,100.0,219.0,0.2032,305.5251
380,380,380,380,380,380,380,380,30.3646,-97.900059,2020-07-01,h00v00,100.0,219.0,,
381,381,381,381,381,381,381,381,30.3646,-97.900059,2020-07-02,h00v00,100.0,219.0,0.1793,306.2325
382,382,382,382,382,382,382,382,30.3646,-97.900059,2020-07-03,h00v00,100.0,219.0,,
383,383,383,383,383,383,383,383,30.3646,-97.900059,2020-07-04,h00v00,100.0,219.0,,
384,384,384,384,384,384,384,384,30.3646,-97.900059,2020-07-05,h00v00,100.0,219.0,0.1611,307.303
385,385,385,385,385,385,385,385,30.3646,-97.900059,2020-07-06,h00v00,100.0,219.0,,
386,386,386,386,386,386,386,386,30.3646,-97.900059,2020-07-07,h00v00,100.0,219.0,,
387,387,387,387,387,387,387,387,30.3646,-97.900059,2020-07-08,h00v00,100.0,219.0,0.1765,307.3331
388,388,388,388,388,388,388,388,30.3646,-97.900059,2020-07-09,h00v00,100.0,219.0,,
389,389,389,389,389,389,389,389,30.3646,-97.900059,2020-07-10,h00v00,100.0,219.0,0.1599,307.4949
390,390,390,390,390,390,390,390,30.3646,-97.900059,2020-07-11,h00v00,100.0,219.0,,
391,391,391,391,391,391,391,391,30.3646,-97.900059,2020-07-12,h00v00,100.0,219.0,,
392,392,392,392,392,392,392,392,30.3646,-97.900059,2020-07-13,h00v00,100.0,219.0,0.1559,308.8399
393,393,393,393,393,393,393,393,30.3646,-97.900059,2020-07-14,h00v00,100.0,219.0,,
394,394,394,394,394,394,394,394,30.3646,-97.900059,2020-07-15,h00v00,100.0,219.0,,
395,395,395,395,395,395,395,395,30.3646,-97.900059,2020-07-16,h00v00,100.0,219.0,0.1566,308.0497
396,396,396,396,396,396,396,396,30.3646,-97.900059,2020-07-17,h00v00,100.0,219.0,,
397,397,397,397,397,397,397,397,30.3646,-97.900059,2020-07-18,h00v00,100.0,219.0,0.1583,308.3184
398,398,398,398,398,398,398,398,30.3646,-97.900059,2020-07-19,h00v00,100.0,219.0,,
399,399,399,399,399,399,399,399,30.3646,-97.900059,2020-07-20,h00v00,100.0,219.0,,
400,400,400,400,400,400,400,400,33.094165000000004,-96.739116,2020-05-31,h00v00,92.0,222.0,0.3306,300.3289
401,401,401,401,401,401,401,401,33.094165000000004,-96.739116,2020-06-01,h00v00,92.0,222.0,,
402,402,402,402,402,402,402,402,33.094165000000004,-96.739116,2020-06-02,h00v00,92.0,222.0,,
403,403,403,403,403,403,403,403,33.094165000000004,-96.739116,2020-06-03,h00v00,92.0,222.0,,
404,404,404,404,404,404,404,404,33.094165000000004,-96.739116,2020-06-04,h00v00,92.0,222.0,,
405,405,405,405,405,405,405,405,33.094165000000004,-96.739116,2020-06-05,h00v00,92.0,222.0,0.2901,303.6563
406,406,406,406,406,406,406,406,33.094165000000004,-96.739116,2020-06-06,h00v00,92.0,222.0,0.28800000000000003,303.5786
407,407,407,407,407,407,407,407,33.094165000000004,-96.739116,2020-06-07,h00v00,92.0,222.0,,
408,408,408,408,408,408,408,408,33.094165000000004,-96.739116,2020-06-08,h00v00,92.0,222.0,0.2838,304.3737
409,409,409,409,409,409,409,409,33.094165000000004,-96.739116,2020-06-09,h00v00,92.0,222.0,,
410,410,410,410,410,410,410,410,33.094165000000004,-96.739116,2020-06-10,h00v00,92.0,222.0,,
411,411,411,411,411,411,411,411,33.094165000000004,-96.739116,2020-06-11,h00v00,92.0,222.0,0.2728,301.4967
412,412,412,412,412,412,412,412,33.094165000000004,-96.739116,2020-06-12,h00v00,92.0,222.0,,
413,413,413,413,413,413,413,413,33.094165000000004,-96.739116,2020-06-13,h00v00,92.0,222.0,,
414,414,414,414,414,414,414,414,33.094165000000004,-96.739116,2020-06-14,h00v00,92.0,222.0,0.2798,302.6191
415,415,415,415,415,415,415,415,33.094165000000004,-96.739116,2020-06-15,h00v00,92.0,222.0,,
416,416,416,416,416,416,416,416,33.094165000000004,-96.739116,2020-06-16,h00v00,92.0,222.0,0.2766,303.7325
417,417,417,417,417,417,417,417,33.094165000000004,-96.739116,2020-06-18,h00v00,92.0,222.0,,
418,418,418,418,418,418,418,418,33.094165000000004,-96.739116,2020-06-19,h00v00,92.0,222.0,0.2637,304.1647
419,419,419,419,419,419,419,419,33.094165000000004,-96.739116,2020-06-20,h00v00,92.0,222.0,,
420,420,420,420,420,420,420,420,33.094165000000004,-96.739116,2020-06-21,h00v00,92.0,222.0,0.3487,304.4362
421,421,421,421,421,421,421,421,33.094165000000004,-96.739116,2020-06-22,h00v00,92.0,222.0,0.4743,304.4135
422,422,422,422,422,422,422,422,33.094165000000004,-96.739116,2020-06-23,h00v00,92.0,222.0,,
423,423,423,423,423,423,423,423,33.094165000000004,-96.739116,2020-06-24,h00v00,92.0,222.0,0.4156,303.3822
424,424,424,424,424,424,424,424,33.094165000000004,-96.739116,2020-06-25,h00v00,92.0,222.0,,
425,425,425,425,425,425,425,425,33.094165000000004,-96.739116,2020-06-26,h00v00,92.0,222.0,,
426,426,426,426,426,426,426,426,33.094165000000004,-96.739116,2020-06-27,h00v00,92.0,222.0,0.3632,304.6187
427,427,427,427,427,427,427,427,33.094165000000004,-96.739116,2020-06-28,h00v00,92.0,222.0,,
428,428,428,428,428,428,428,428,33.094165000000004,-96.739116,2020-06-29,h00v00,92.0,222.0,,
429,429,429,429,429,429,429,429,33.094165000000004,-96.739116,2020-06-30,h00v00,92.0,222.0,0.3168,305.1833
430,430,430,430,430,430,430,430,33.094165000000004,-96.739116,2020-07-01,h00v00,92.0,222.0,,
431,431,431,431,431,431,431,431,33.094165000000004,-96.739116,2020-07-02,h00v00,92.0,222.0,0.2989,306.0553
432,432,432,432,432,432,432,432,33.094165000000004,-96.739116,2020-07-03,h00v00,92.0,222.0,,
433,433,433,433,433,433,433,433,33.094165000000004,-96.739116,2020-07-04,h00v00,92.0,222.0,,
434,434,434,434,434,434,434,434,33.094165000000004,-96.739116,2020-07-05,h00v00,92.0,222.0,0.3009,306.6367
435,435,435,435,435,435,435,435,33.094165000000004,-96.739116,2020-07-06,h00v00,92.0,222.0,,
436,436,436,436,436,436,436,436,33.094165000000004,-96.739116,2020-07-07,h00v00,92.0,222.0,,
437,437,437,437,437,437,437,437,33.094165000000004,-96.739116,2020-07-08,h00v00,92.0,222.0,0.3254,306.075
438,438,438,438,438,438,438,438,33.094165000000004,-96.739116,2020-07-09,h00v00,92.0,222.0,,
439,439,439,439,439,439,439,439,33.094165000000004,-96.739116,2020-07-10,h00v00,92.0,222.0,0.3014,306.6866
440,440,440,440,440,440,440,440,33.094165000000004,-96.739116,2020-07-11,h00v00,92.0,222.0,,
441,441,441,441,441,441,441,441,33.094165000000004,-96.739116,2020-07-12,h00v00,92.0,222.0,,
442,442,442,442,442,442,442,442,33.094165000000004,-96.739116,2020-07-13,h00v00,92.0,222.0,0.2843,307.8712
443,443,443,443,443,443,443,443,33.094165000000004,-96.739116,2020-07-14,h00v00,92.0,222.0,,
444,444,444,444,444,444,444,444,33.094165000000004,-96.739116,2020-07-15,h00v00,92.0,222.0,,
445,445,445,445,445,445,445,445,33.094165000000004,-96.739116,2020-07-16,h00v00,92.0,222.0,0.2769,306.7990000000001
446,446,446,446,446,446,446,446,33.094165000000004,-96.739116,2020-07-17,h00v00,92.0,222.0,,
447,447,447,447,447,447,447,447,33.094165000000004,-96.739116,2020-07-18,h00v00,92.0,222.0,0.2805,307.0802
448,448,448,448,448,448,448,448,33.094165000000004,-96.739116,2020-07-19,h00v00,92.0,222.0,,
449,449,449,449,449,449,449,449,33.094165000000004,-96.739116,2020-07-20,h00v00,92.0,222.0,,
450,450,450,450,450,450,450,450,33.097771,-96.739024,2020-05-31,h00v00,92.0,222.0,0.3306,300.3289
451,451,451,451,451,451,451,451,33.097771,-96.739024,2020-06-01,h00v00,92.0,222.0,,
452,452,452,452,452,452,452,452,33.097771,-96.739024,2020-06-02,h00v00,92.0,222.0,,
453,453,453,453,453,453,453,453,33.097771,-96.739024,2020-06-03,h00v00,92.0,222.0,,
454,454,454,454,454,454,454,454,33.097771,-96.739024,2020-06-04,h00v00,92.0,222.0,,
455,455,455,455,455,455,455,455,33.097771,-96.739024,2020-06-05,h00v00,92.0,222.0,0.2901,303.6563
456,456,456,456,456,456,456,456,33.097771,-96.739024,2020-06-06,h00v00,92.0,222.0,0.28800000000000003,303.5786
457,457,457,457,457,457,457,457,33.097771,-96.739024,2020-06-07,h00v00,92.0,222.0,,
458,458,458,458,458,458,458,458,33.097771,-96.739024,2020-06-08,h00v00,92.0,222.0,0.2838,304.3737
459,459,459,459,459,459,459,459,33.097771,-96.739024,2020-06-09,h00v00,92.0,222.0,,
460,460,460,460,460,460,460,460,33.097771,-96.739024,2020-06-10,h00v00,92.0,222.0,,
461,461,461,461,461,461,461,461,33.097771,-96.739024,2020-06-11,h00v00,92.0,222.0,0.2728,301.4967
462,462,462,462,462,462,462,462,33.097771,-96.739024,2020-06-12,h00v00,92.0,222.0,,
463,463,463,463,463,463,463,463,33.097771,-96.739024,2020-06-13,h00v00,92.0,222.0,,
464,464,464,464,464,464,464,464,33.097771,-96.739024,2020-06-14,h00v00,92.0,222.0,0.2798,302.6191
465,465,465,465,465,465,465,465,33.097771,-96.739024,2020-06-15,h00v00,92.0,222.0,,
466,466,466,466,466,466,466,466,33.097771,-96.739024,2020-06-16,h00v00,92.0,222.0,0.2766,303.7325
467,467,467,467,467,467,467,467,33.097771,-96.739024,2020-06-18,h00v00,92.0,222.0,,
468,468,468,468,468,468,468,468,33.097771,-96.739024,2020-06-19,h00v00,92.0,222.0,0.2637,304.1647
469,469,469,469,469,469,469,469,33.097771,-96.739024,2020-06-20,h00v00,92.0,222.0,,
470,470,470,470,470,470,470,470,33.097771,-96.739024,2020-06-21,h00v00,92.0,222.0,0.3487,304.4362
471,471,471,471,471,471,471,471,33.097771,-96.739024,2020-06-22,h00v00,92.0,222.0,0.4743,304.4135
472,472,472,472,472,472,472,472,33.097771,-96.739024,2020-06-23,h00v00,92.0,222.0,,
473,473,473,473,473,473,473,473,33.097771,-96.739024,2020-06-24,h00v00,92.0,222.0,0.4156,303.3822
474,474,474,474,474,474,474,474,33.097771,-96.739024,2020-06-25,h00v00,92.0,222.0,,
475,475,475,475,475,475,475,475,33.097771,-96.739024,2020-06-26,h00v00,92.0,222.0,,
476,476,476,476,476,476,476,476,33.097771,-96.739024,2020-06-27,h00v00,92.0,222.0,0.3632,304.6187
477,477,477,477,477,477,477,477,33.097771,-96.739024,2020-06-28,h00v00,92.0,222.0,,
478,478,478,478,478,478,478,478,33.097771,-96.739024,2020-06-29,h00v00,92.0,222.0,,
479,479,479,479,479,479,479,479,33.097771,-96.739024,2020-06-30,h00v00,92.0,222.0,0.3168,305.1833
480,480,480,480,480,480,480,480,33.097771,-96.739024,2020-07-01,h00v00,92.0,222.0,,
481,481,481,481,481,481,481,481,33.097771,-96.739024,2020-07-02,h00v00,92.0,222.0,0.2989,306.0553
482,482,482,482,482,482,482,482,33.097771,-96.739024,2020-07-03,h00v00,92.0,222.0,,
483,483,483,483,483,483,483,483,33.097771,-96.739024,2020-07-04,h00v00,92.0,222.0,,
484,484,484,484,484,484,484,484,33.097771,-96.739024,2020-07-05,h00v00,92.0,222.0,0.3009,306.6367
485,485,485,485,485,485,485,485,33.097771,-96.739024,2020-07-06,h00v00,92.0,222.0,,
486,486,486,486,486,486,486,486,33.097771,-96.739024,2020-07-07,h00v00,92.0,222.0,,
487,487,487,487,487,487,487,487,33.097771,-96.739024,2020-07-08,h00v00,92.0,222.0,0.3254,306.075
488,488,488,488,488,488,488,488,33.097771,-96.739024,2020-07-09,h00v00,92.0,222.0,,
489,489,489,489,489,489,489,489,33.097771,-96.739024,2020-07-10,h00v00,92.0,222.0,0.3014,306.6866
490,490,490,490,490,490,490,490,33.097771,-96.739024,2020-07-11,h00v00,92.0,222.0,,
491,491,491,491,491,491,491,491,33.097771,-96.739024,2020-07-12,h00v00,92.0,222.0,,
492,492,492,492,492,492,492,492,33.097771,-96.739024,2020-07-13,h00v00,92.0,222.0,0.2843,307.8712
493,493,493,493,493,493,493,493,33.097771,-96.739024,2020-07-14,h00v00,92.0,222.0,,
494,494,494,494,494,494,494,494,33.097771,-96.739024,2020-07-15,h00v00,92.0,222.0,,
495,495,495,495,495,495,495,495,33.097771,-96.739024,2020-07-16,h00v00,92.0,222.0,0.2769,306.7990000000001
496,496,496,496,496,496,496,496,33.097771,-96.739024,2020-07-17,h00v00,92.0,222.0,,
497,497,497,497,497,497,497,497,33.097771,-96.739024,2020-07-18,h00v00,92.0,222.0,0.2805,307.0802
498,498,498,498,498,498,498,498,33.097771,-96.739024,2020-07-19,h00v00,92.0,222.0,,
499,499,499,499,499,499,499,499,33.097771,-96.739024,2020-07-20,h00v00,92.0,222.0,,
500,500,500,500,500,500,500,500,39.05973,-77.243321,2020-05-31,h00v00,74.0,275.0,,
501,501,501,501,501,501,501,501,39.05973,-77.243321,2020-06-01,h00v00,74.0,275.0,0.232,294.505
502,502,502,502,502,502,502,502,39.05973,-77.243321,2020-06-02,h00v00,74.0,275.0,,
503,503,503,503,503,503,503,503,39.05973,-77.243321,2020-06-03,h00v00,74.0,275.0,0.1992,296.0478
504,504,504,504,504,504,504,504,39.05973,-77.243321,2020-06-04,h00v00,74.0,275.0,0.2043,298.7531
505,505,505,505,505,505,505,505,39.05973,-77.243321,2020-06-05,h00v00,74.0,275.0,,
506,506,506,506,506,506,506,506,39.05973,-77.243321,2020-06-06,h00v00,74.0,275.0,0.2901,299.4727
507,507,507,507,507,507,507,507,39.05973,-77.243321,2020-06-07,h00v00,74.0,275.0,0.3324,298.6886
508,508,508,508,508,508,508,508,39.05973,-77.243321,2020-06-08,h00v00,74.0,275.0,,
509,509,509,509,509,509,509,509,39.05973,-77.243321,2020-06-09,h00v00,74.0,275.0,0.2409,297.308
510,510,510,510,510,510,510,510,39.05973,-77.243321,2020-06-10,h00v00,74.0,275.0,,
511,511,511,511,511,511,511,511,39.05973,-77.243321,2020-06-11,h00v00,74.0,275.0,0.2353,299.83
512,512,512,512,512,512,512,512,39.05973,-77.243321,2020-06-12,h00v00,74.0,275.0,0.2864,299.7846
513,513,513,513,513,513,513,513,39.05973,-77.243321,2020-06-13,h00v00,74.0,275.0,,
514,514,514,514,514,514,514,514,39.05973,-77.243321,2020-06-14,h00v00,74.0,275.0,0.2674,297.3903
515,515,515,515,515,515,515,515,39.05973,-77.243321,2020-06-15,h00v00,74.0,275.0,0.2505,296.4701
516,516,516,516,516,516,516,516,39.05973,-77.243321,2020-06-16,h00v00,74.0,275.0,,
517,517,517,517,517,517,517,517,39.05973,-77.243321,2020-06-18,h00v00,74.0,275.0,,
518,518,518,518,518,518,518,518,39.05973,-77.243321,2020-06-19,h00v00,74.0,275.0,0.2306,297.844
519,519,519,519,519,519,519,519,39.05973,-77.243321,2020-06-20,h00v00,74.0,275.0,0.2623,298.7261
520,520,520,520,520,520,520,520,39.05973,-77.243321,2020-06-21,h00v00,74.0,275.0,,
521,521,521,521,521,521,521,521,39.05973,-77.243321,2020-06-22,h00v00,74.0,275.0,0.2498,299.4696
522,522,522,522,522,522,522,522,39.05973,-77.243321,2020-06-23,h00v00,74.0,275.0,0.2829,300.3859
523,523,523,523,523,523,523,523,39.05973,-77.243321,2020-06-24,h00v00,74.0,275.0,,
524,524,524,524,524,524,524,524,39.05973,-77.243321,2020-06-25,h00v00,74.0,275.0,0.2718,300.5396
525,525,525,525,525,525,525,525,39.05973,-77.243321,2020-06-26,h00v00,74.0,275.0,,
526,526,526,526,526,526,526,526,39.05973,-77.243321,2020-06-27,h00v00,74.0,275.0,0.2287,300.3904
527,527,527,527,527,527,527,527,39.05973,-77.243321,2020-06-28,h00v00,74.0,275.0,0.2634,301.0132
528,528,528,528,528,528,528,528,39.05973,-77.243321,2020-06-29,h00v00,74.0,275.0,,
529,529,529,529,529,529,529,529,39.05973,-77.243321,2020-06-30,h00v00,74.0,275.0,0.2317,301.2777
530,530,530,530,530,530,530,530,39.05973,-77.243321,2020-07-01,h00v00,74.0,275.0,0.2441,301.1104
531,531,531,531,531,531,531,531,39.05973,-77.243321,2020-07-02,h00v00,74.0,275.0,,
532,532,532,532,532,532,532,532,39.05973,-77.243321,2020-07-03,h00v00,74.0,275.0,0.2318,301.6085
533,533,533,533,533,533,533,533,39.05973,-77.243321,2020-07-04,h00v00,74.0,275.0,,
534,534,534,534,534,534,534,534,39.05973,-77.243321,2020-07-05,h00v00,74.0,275.0,,
535,535,535,535,535,535,535,535,39.05973,-77.243321,2020-07-06,h00v00,74.0,275.0,0.1995,303.2494
536,536,536,536,536,536,536,536,39.05973,-77.243321,2020-07-07,h00v00,74.0,275.0,,
537,537,537,537,537,537,537,537,39.05973,-77.243321,2020-07-08,h00v00,74.0,275.0,0.2212,303.0593
538,538,538,538,538,538,538,538,39.05973,-77.243321,2020-07-09,h00v00,74.0,275.0,,
539,539,539,539,539,539,539,539,39.05973,-77.243321,2020-07-10,h00v00,74.0,275.0,,
540,540,540,540,540,540,540,540,39.05973,-77.243321,2020-07-11,h00v00,74.0,275.0,0.1969,303.2390000000001
541,541,541,541,541,541,541,541,39.05973,-77.243321,2020-07-12,h00v00,74.0,275.0,,
542,542,542,542,542,542,542,542,39.05973,-77.243321,2020-07-13,h00v00,74.0,275.0,,
543,543,543,543,543,543,543,543,39.05973,-77.243321,2020-07-14,h00v00,74.0,275.0,0.2011,302.1764
544,544,544,544,544,544,544,544,39.05973,-77.243321,2020-07-15,h00v00,74.0,275.0,,
545,545,545,545,545,545,545,545,39.05973,-77.243321,2020-07-16,h00v00,74.0,275.0,0.183,302.8785
546,546,546,546,546,546,546,546,39.05973,-77.243321,2020-07-17,h00v00,74.0,275.0,,
547,547,547,547,547,547,547,547,39.05973,-77.243321,2020-07-18,h00v00,74.0,275.0,,
548,548,548,548,548,548,548,548,39.05973,-77.243321,2020-07-19,h00v00,74.0,275.0,0.1746,304.1992
549,549,549,549,549,549,549,549,39.05973,-77.243321,2020-07-20,h00v00,74.0,275.0,,
550,550,550,550,550,550,550,550,39.070379,-77.251749,2020-05-31,h00v00,74.0,275.0,,
551,551,551,551,551,551,551,551,39.070379,-77.251749,2020-06-01,h00v00,74.0,275.0,0.232,294.505
552,552,552,552,552,552,552,552,39.070379,-77.251749,2020-06-02,h00v00,74.0,275.0,,
553,553,553,553,553,553,553,553,39.070379,-77.251749,2020-06-03,h00v00,74.0,275.0,0.1992,296.0478
554,554,554,554,554,554,554,554,39.070379,-77.251749,2020-06-04,h00v00,74.0,275.0,0.2043,298.7531
555,555,555,555,555,555,555,555,39.070379,-77.251749,2020-06-05,h00v00,74.0,275.0,,
556,556,556,556,556,556,556,556,39.070379,-77.251749,2020-06-06,h00v00,74.0,275.0,0.2901,299.4727
557,557,557,557,557,557,557,557,39.070379,-77.251749,2020-06-07,h00v00,74.0,275.0,0.3324,298.6886
558,558,558,558,558,558,558,558,39.070379,-77.251749,2020-06-08,h00v00,74.0,275.0,,
559,559,559,559,559,559,559,559,39.070379,-77.251749,2020-06-09,h00v00,74.0,275.0,0.2409,297.308
560,560,560,560,560,560,560,560,39.070379,-77.251749,2020-06-10,h00v00,74.0,275.0,,
561,561,561,561,561,561,561,561,39.070379,-77.251749,2020-06-11,h00v00,74.0,275.0,0.2353,299.83
562,562,562,562,562,562,562,562,39.070379,-77.251749,2020-06-12,h00v00,74.0,275.0,0.2864,299.7846
563,563,563,563,563,563,563,563,39.070379,-77.251749,2020-06-13,h00v00,74.0,275.0,,
564,564,564,564,564,564,564,564,39.070379,-77.251749,2020-06-14,h00v00,74.0,275.0,0.2674,297.3903
565,565,565,565,565,565,565,565,39.070379,-77.251749,2020-06-15,h00v00,74.0,275.0,0.2505,296.4701
566,566,566,566,566,566,566,566,39.070379,-77.251749,2020-06-16,h00v00,74.0,275.0,,
567,567,567,567,567,567,567,567,39.070379,-77.251749,2020-06-18,h00v00,74.0,275.0,,
568,568,568,568,568,568,568,568,39.070379,-77.251749,2020-06-19,h00v00,74.0,275.0,0.2306,297.844
569,569,569,569,569,569,569,569,39.070379,-77.251749,2020-06-20,h00v00,74.0,275.0,0.2623,298.7261
570,570,570,570,570,570,570,570,39.070379,-77.251749,2020-06-21,h00v00,74.0,275.0,,
571,571,571,571,571,571,571,571,39.070379,-77.251749,2020-06-22,h00v00,74.0,275.0,0.2498,299.4696
572,572,572,572,572,572,572,572,39.070379,-77.251749,2020-06-23,h00v00,74.0,275.0,0.2829,300.3859
573,573,573,573,573,573,573,573,39.070379,-77.251749,2020-06-24,h00v00,74.0,275.0,,
574,574,574,574,574,574,574,574,39.070379,-77.251749,2020-06-25,h00v00,74.0,275.0,0.2718,300.5396
575,575,575,575,575,575,575,575,39.070379,-77.251749,2020-06-26,h00v00,74.0,275.0,,
576,576,576,576,576,576,576,576,39.070379,-77.251749,2020-06-27,h00v00,74.0,275.0,0.2287,300.3904
577,577,577,577,577,577,577,577,39.070379,-77.251749,2020-06-28,h00v00,74.0,275.0,0.2634,301.0132
578,578,578,578,578,578,578,578,39.070379,-77.251749,2020-06-29,h00v00,74.0,275.0,,
579,579,579,579,579,579,579,579,39.070379,-77.251749,2020-06-30,h00v00,74.0,275.0,0.2317,301.2777
580,580,580,580,580,580,580,580,39.070379,-77.251749,2020-07-01,h00v00,74.0,275.0,0.2441,301.1104
581,581,581,581,581,581,581,581,39.070379,-77.251749,2020-07-02,h00v00,74.0,275.0,,
582,582,582,582,582,582,582,582,39.070379,-77.251749,2020-07-03,h00v00,74.0,275.0,0.2318,301.6085
583,583,583,583,583,583,583,583,39.070379,-77.251749,2020-07-04,h00v00,74.0,275.0,,
584,584,584,584,584,584,584,584,39.070379,-77.251749,2020-07-05,h00v00,74.0,275.0,,
585,585,585,585,585,585,585,585,39.070379,-77.251749,2020-07-06,h00v00,74.0,275.0,0.1995,303.2494
586,586,586,586,586,586,586,586,39.070379,-77.251749,2020-07-07,h00v00,74.0,275.0,,
587,587,587,587,587,587,587,587,39.070379,-77.251749,2020-07-08,h00v00,74.0,275.0,0.2212,303.0593
588,588,588,588,588,588,588,588,39.070379,-77.251749,2020-07-09,h00v00,74.0,275.0,,
589,589,589,589,589,589,589,589,39.070379,-77.251749,2020-07-10,h00v00,74.0,275.0,,
590,590,590,590,590,590,590,590,39.070379,-77.251749,2020-07-11,h00v00,74.0,275.0,0.1969,303.2390000000001
591,591,591,591,591,591,591,591,39.070379,-77.251749,2020-07-12,h00v00,74.0,275.0,,
592,592,592,592,592,592,592,592,39.070379,-77.251749,2020-07-13,h00v00,74.0,275.0,,
593,593,593,593,593,593,593,593,39.070379,-77.251749,2020-07-14,h00v00,74.0,275.0,0.2011,302.1764
594,594,594,594,594,594,594,594,39.070379,-77.251749,2020-07-15,h00v00,74.0,275.0,,
595,595,595,595,595,595,595,595,39.070379,-77.251749,2020-07-16,h00v00,74.0,275.0,0.183,302.8785
596,596,596,596,596,596,596,596,39.070379,-77.251749,2020-07-17,h00v00,74.0,275.0,,
597,597,597,597,597,597,597,597,39.070379,-77.251749,2020-07-18,h00v00,74.0,275.0,,
598,598,598,598,598,598,598,598,39.070379,-77.251749,2020-07-19,h00v00,74.0,275.0,0.1746,304.1992
599,599,599,599,599,599,599,599,39.070379,-77.251749,2020-07-20,h00v00,74.0,275.0,,
600,600,600,600,600,600,600,600,39.070469,-77.247129,2020-05-31,h00v00,74.0,275.0,,
601,601,601,601,601,601,601,601,39.070469,-77.247129,2020-06-01,h00v00,74.0,275.0,0.232,294.505
602,602,602,602,602,602,602,602,39.070469,-77.247129,2020-06-02,h00v00,74.0,275.0,,
603,603,603,603,603,603,603,603,39.070469,-77.247129,2020-06-03,h00v00,74.0,275.0,0.1992,296.0478
604,604,604,604,604,604,604,604,39.070469,-77.247129,2020-06-04,h00v00,74.0,275.0,0.2043,298.7531
605,605,605,605,605,605,605,605,39.070469,-77.247129,2020-06-05,h00v00,74.0,275.0,,
606,606,606,606,606,606,606,606,39.070469,-77.247129,2020-06-06,h00v00,74.0,275.0,0.2901,299.4727
607,607,607,607,607,607,607,607,39.070469,-77.247129,2020-06-07,h00v00,74.0,275.0,0.3324,298.6886
608,608,608,608,608,608,608,608,39.070469,-77.247129,2020-06-08,h00v00,74.0,275.0,,
609,609,609,609,609,609,609,609,39.070469,-77.247129,2020-06-09,h00v00,74.0,275.0,0.2409,297.308
610,610,610,610,610,610,610,610,39.070469,-77.247129,2020-06-10,h00v00,74.0,275.0,,
611,611,611,611,611,611,611,611,39.070469,-77.247129,2020-06-11,h00v00,74.0,275.0,0.2353,299.83
612,612,612,612,612,612,612,612,39.070469,-77.247129,2020-06-12,h00v00,74.0,275.0,0.2864,299.7846
613,613,613,613,613,613,613,613,39.070469,-77.247129,2020-06-13,h00v00,74.0,275.0,,
614,614,614,614,614,614,614,614,39.070469,-77.247129,2020-06-14,h00v00,74.0,275.0,0.2674,297.3903
615,615,615,615,615,615,615,615,39.070469,-77.247129,2020-06-15,h00v00,74.0,275.0,0.2505,296.4701
616,616,616,616,616,616,616,616,39.070469,-77.247129,2020-06-16,h00v00,74.0,275.0,,
617,617,617,617,617,617,617,617,39.070469,-77.247129,2020-06-18,h00v00,74.0,275.0,,
618,618,618,618,618,618,618,618,39.070469,-77.247129,2020-06-19,h00v00,74.0,275.0,0.2306,297.844
619,619,619,619,619,619,619,619,39.070469,-77.247129,2020-06-20,h00v00,74.0,275.0,0.2623,298.7261
620,620,620,620,620,620,620,620,39.070469,-77.247129,2020-06-21,h00v00,74.0,275.0,,
621,621,621,621,621,621,621,621,39.070469,-77.247129,2020-06-22,h00v00,74.0,275.0,0.2498,299.4696
622,622,622,622,622,622,622,622,39.070469,-77.247129,2020-06-23,h00v00,74.0,275.0,0.2829,300.3859
623,623,623,623,623,623,623,623,39.070469,-77.247129,2020-06-24,h00v00,74.0,275.0,,
624,624,624,624,624,624,624,624,39.070469,-77.247129,2020-06-25,h00v00,74.0,275.0,0.2718,300.5396
625,625,625,625,625,625,625,625,39.070469,-77.247129,2020-06-26,h00v00,74.0,275.0,,
626,626,626,626,626,626,626,626,39.070469,-77.247129,2020-06-27,h00v00,74.0,275.0,0.2287,300.3904
627,627,627,627,627,627,627,627,39.070469,-77.247129,2020-06-28,h00v00,74.0,275.0,0.2634,301.0132
628,628,628,628,628,628,628,628,39.070469,-77.247129,2020-06-29,h00v00,74.0,275.0,,
629,629,629,629,629,629,629,629,39.070469,-77.247129,2020-06-30,h00v00,74.0,275.0,0.2317,301.2777
630,630,630,630,630,630,630,630,39.070469,-77.247129,2020-07-01,h00v00,74.0,275.0,0.2441,301.1104
631,631,631,631,631,631,631,631,39.070469,-77.247129,2020-07-02,h00v00,74.0,275.0,,
632,632,632,632,632,632,632,632,39.070469,-77.247129,2020-07-03,h00v00,74.0,275.0,0.2318,301.6085
633,633,633,633,633,633,633,633,39.070469,-77.247129,2020-07-04,h00v00,74.0,275.0,,
634,634,634,634,634,634,634,634,39.070469,-77.247129,2020-07-05,h00v00,74.0,275.0,,
635,635,635,635,635,635,635,635,39.070469,-77.247129,2020-07-06,h00v00,74.0,275.0,0.1995,303.2494
636,636,636,636,636,636,636,636,39.070469,-77.247129,2020-07-07,h00v00,74.0,275.0,,
637,637,637,637,637,637,637,637,39.070469,-77.247129,2020-07-08,h00v00,74.0,275.0,0.2212,303.0593
638,638,638,638,638,638,638,638,39.070469,-77.247129,2020-07-09,h00v00,74.0,275.0,,
639,639,639,639,639,639,639,639,39.070469,-77.247129,2020-07-10,h00v00,74.0,275.0,,
640,640,640,640,640,640,640,640,39.070469,-77.247129,2020-07-11,h00v00,74.0,275.0,0.1969,303.2390000000001
641,641,641,641,641,641,641,641,39.070469,-77.247129,2020-07-12,h00v00,74.0,275.0,,
642,642,642,642,642,642,642,642,39.070469,-77.247129,2020-07-13,h00v00,74.0,275.0,,
643,643,643,643,643,643,643,643,39.070469,-77.247129,2020-07-14,h00v00,74.0,275.0,0.2011,302.1764
644,644,644,644,644,644,644,644,39.070469,-77.247129,2020-07-15,h00v00,74.0,275.0,,
645,645,645,645,645,645,645,645,39.070469,-77.247129,2020-07-16,h00v00,74.0,275.0,0.183,302.8785
646,646,646,646,646,646,646,646,39.070469,-77.247129,2020-07-17,h00v00,74.0,275.0,,
647,647,647,647,647,647,647,647,39.070469,-77.247129,2020-07-18,h00v00,74.0,275.0,,
648,648,648,648,648,648,648,648,39.070469,-77.247129,2020-07-19,h00v00,74.0,275.0,0.1746,304.1992
649,649,649,649,649,649,649,649,39.070469,-77.247129,2020-07-20,h00v00,74.0,275.0,,
650,650,650,650,650,650,650,650,39.070491,-77.24597299999998,2020-05-31,h00v00,74.0,275.0,,
651,651,651,651,651,651,651,651,39.070491,-77.24597299999998,2020-06-01,h00v00,74.0,275.0,0.232,294.505
652,652,652,652,652,652,652,652,39.070491,-77.24597299999998,2020-06-02,h00v00,74.0,275.0,,
653,653,653,653,653,653,653,653,39.070491,-77.24597299999998,2020-06-03,h00v00,74.0,275.0,0.1992,296.0478
654,654,654,654,654,654,654,654,39.070491,-77.24597299999998,2020-06-04,h00v00,74.0,275.0,0.2043,298.7531
655,655,655,655,655,655,655,655,39.070491,-77.24597299999998,2020-06-05,h00v00,74.0,275.0,,
656,656,656,656,656,656,656,656,39.070491,-77.24597299999998,2020-06-06,h00v00,74.0,275.0,0.2901,299.4727
657,657,657,657,657,657,657,657,39.070491,-77.24597299999998,2020-06-07,h00v00,74.0,275.0,0.3324,298.6886
658,658,658,658,658,658,658,658,39.070491,-77.24597299999998,2020-06-08,h00v00,74.0,275.0,,
659,659,659,659,659,659,659,659,39.070491,-77.24597299999998,2020-06-09,h00v00,74.0,275.0,0.2409,297.308
660,660,660,660,660,660,660,660,39.070491,-77.24597299999998,2020-06-10,h00v00,74.0,275.0,,
661,661,661,661,661,661,661,661,39.070491,-77.24597299999998,2020-06-11,h00v00,74.0,275.0,0.2353,299.83
662,662,662,662,662,662,662,662,39.070491,-77.24597299999998,2020-06-12,h00v00,74.0,275.0,0.2864,299.7846
663,663,663,663,663,663,663,663,39.070491,-77.24597299999998,2020-06-13,h00v00,74.0,275.0,,
664,664,664,664,664,664,664,664,39.070491,-77.24597299999998,2020-06-14,h00v00,74.0,275.0,0.2674,297.3903
665,665,665,665,665,665,665,665,39.070491,-77.24597299999998,2020-06-15,h00v00,74.0,275.0,0.2505,296.4701
666,666,666,666,666,666,666,666,39.070491,-77.24597299999998,2020-06-16,h00v00,74.0,275.0,,
667,667,667,667,667,667,667,667,39.070491,-77.24597299999998,2020-06-18,h00v00,74.0,275.0,,
668,668,668,668,668,668,668,668,39.070491,-77.24597299999998,2020-06-19,h00v00,74.0,275.0,0.2306,297.844
669,669,669,669,669,669,669,669,39.070491,-77.24597299999998,2020-06-20,h00v00,74.0,275.0,0.2623,298.7261
670,670,670,670,670,670,670,670,39.070491,-77.24597299999998,2020-06-21,h00v00,74.0,275.0,,
671,671,671,671,671,671,671,671,39.070491,-77.24597299999998,2020-06-22,h00v00,74.0,275.0,0.2498,299.4696
672,672,672,672,672,672,672,672,39.070491,-77.24597299999998,2020-06-23,h00v00,74.0,275.0,0.2829,300.3859
673,673,673,673,673,673,673,673,39.070491,-77.24597299999998,2020-06-24,h00v00,74.0,275.0,,
674,674,674,674,674,674,674,674,39.070491,-77.24597299999998,2020-06-25,h00v00,74.0,275.0,0.2718,300.5396
675,675,675,675,675,675,675,675,39.070491,-77.24597299999998,2020-06-26,h00v00,74.0,275.0,,
676,676,676,676,676,676,676,676,39.070491,-77.24597299999998,2020-06-27,h00v00,74.0,275.0,0.2287,300.3904
677,677,677,677,677,677,677,677,39.070491,-77.24597299999998,2020-06-28,h00v00,74.0,275.0,0.2634,301.0132
678,678,678,678,678,678,678,678,39.070491,-77.24597299999998,2020-06-29,h00v00,74.0,275.0,,
679,679,679,679,679,679,679,679,39.070491,-77.24597299999998,2020-06-30,h00v00,74.0,275.0,0.2317,301.2777
680,680,680,680,680,680,680,680,39.070491,-77.24597299999998,2020-07-01,h00v00,74.0,275.0,0.2441,301.1104
681,681,681,681,681,681,681,681,39.070491,-77.24597299999998,2020-07-02,h00v00,74.0,275.0,,
682,682,682,682,682,682,682,682,39.070491,-77.24597299999998,2020-07-03,h00v00,74.0,275.0,0.2318,301.6085
683,683,683,683,683,683,683,683,39.070491,-77.24597299999998,2020-07-04,h00v00,74.0,275.0,,
684,684,684,684,684,684,684,684,39.070491,-77.24597299999998,2020-07-05,h00v00,74.0,275.0,,
685,685,685,685,685,685,685,685,39.070491,-77.24597299999998,2020-07-06,h00v00,74.0,275.0,0.1995,303.2494
686,686,686,686,686,686,686,686,39.070491,-77.24597299999998,2020-07-07,h00v00,74.0,275.0,,
687,687,687,687,687,687,687,687,39.070491,-77.24597299999998,2020-07-08,h00v00,74.0,275.0,0.2212,303.0593
688,688,688,688,688,688,688,688,39.070491,-77.24597299999998,2020-07-09,h00v00,74.0,275.0,,
689,689,689,689,689,689,689,689,39.070491,-77.24597299999998,2020-07-10,h00v00,74.0,275.0,,
690,690,690,690,690,690,690,690,39.070491,-77.24597299999998,2020-07-11,h00v00,74.0,275.0,0.1969,303.2390000000001
691,691,691,691,691,691,691,691,39.070491,-77.24597299999998,2020-07-12,h00v00,74.0,275.0,,
692,692,692,692,692,692,692,692,39.070491,-77.24597299999998,2020-07-13,h00v00,74.0,275.0,,
693,693,693,693,693,693,693,693,39.070491,-77.24597299999998,2020-07-14,h00v00,74.0,275.0,0.2011,302.1764
694,694,694,694,694,694,694,694,39.070491,-77.24597299999998,2020-07-15,h00v00,74.0,275.0,,
695,695,695,695,695,695,695,695,39.070491,-77.24597299999998,2020-07-16,h00v00,74.0,275.0,0.183,302.8785
696,696,696,696,696,696,696,696,39.070491,-77.24597299999998,2020-07-17,h00v00,74.0,275.0,,
697,697,697,697,697,697,697,697,39.070491,-77.24597299999998,2020-07-18,h00v00,74.0,275.0,,
698,698,698,698,698,698,698,698,39.070491,-77.24597299999998,2020-07-19,h00v00,74.0,275.0,0.1746,304.1992
699,699,699,699,699,699,699,699,39.070491,-77.24597299999998,2020-07-20,h00v00,74.0,275.0,,
