,lat,lon,mapper_count,elevation
0,-25.507947,-48.529614,0,0.0
1,-25.504388,-48.532671,0,0.0
2,-25.503469,-48.531695,0,0.0
3,-22.958885,-43.199452,0,0.0
4,-22.958874,-43.198477,0,0.0
5,-21.30701,47.628642,5,0.0
6,-18.926096,47.556871,0,0.0
7,-18.915313,47.552911,0,0.0
8,-4.045587,39.700886,6,0.0
9,-1.217844,36.895308,0,0.0
10,-1.156052,37.955587,0,0.0
11,-1.154244,37.958284,0,0.0
12,3.99986,-78.604423,0,0.0
13,4.648003,-74.245366,20,0.0
14,5.628135,-0.092673,0,0.0
15,5.765573,-56.689296,0,0.0
16,5.767381,-56.686585,0,0.0
17,5.771,-56.687487,0,0.0
18,5.817888,-55.174742,0,0.0
19,5.817891,-55.175645,0,0.0
20,5.857015,-56.888887,38,0.0
21,5.857913,-56.856366,0,0.0
22,5.85792,-56.888887,0,0.0
23,5.876524,-56.327893,25,0.0
24,5.917633,-56.932241,16,0.0
25,5.917635,-56.95302,0,0.0
26,5.918541,-57.034331,5,0.0
27,5.923065,-56.988255,0,0.0
28,5.923065,-56.987351,0,0.0
29,5.923969,-57.031621,70,0.0
30,5.923969,-56.988255,0,0.0
31,5.929397,-57.019876,3,0.0
32,5.935727,-57.050595,12,0.0
33,5.938444,-56.995483,21,0.0
34,5.940253,-56.985544,0,0.0
35,5.942059,-57.05692,30,0.0
36,5.942062,-56.995483,14,0.0
37,5.942062,-56.976509,0,0.0
38,5.942964,-57.05692,60,0.0
39,5.942966,-56.975606,0,0.0
40,5.942966,-56.974702,0,0.0
41,5.942967,-56.984641,118,0.0
42,5.943869,-56.953018,0,0.0
43,5.943871,-56.998193,50,0.0
44,5.943871,-56.99729,0,0.0
45,5.944776,-56.998193,0,0.0
46,5.944776,-56.990965,0,0.0
47,5.94568,-57.03343,25,0.0
48,5.945681,-56.990061,0,0.0
49,5.952917,-57.031623,0,0.0
50,5.952917,-57.027105,3,0.0
51,6.584167,100.699502,0,0.0
52,6.643783,100.076543,0,0.0
53,7.022533,100.485635,5,0.0
54,7.037064,99.675451,221,0.0
55,7.115882,99.584105,3,0.0
56,7.125307,100.581021,20,0.0
57,7.12531,100.580116,20,0.0
58,7.147539,99.585956,469,0.0
59,7.159602,100.600151,4,0.0
60,7.198488,100.599382,10,0.0
61,7.344872,99.462992,370,0.0
62,7.527396,99.620896,54,0.0
63,7.528301,99.620897,532,0.0
64,7.531753,99.728761,10,0.0
65,7.531759,99.725136,21,0.0
66,7.532851,99.600963,12,0.0
67,7.533756,99.600964,70,0.0
68,7.533757,99.600058,321,0.0
69,7.533758,99.599151,137,0.0
70,7.534475,99.723328,0,0.0
71,7.534652,99.60731,38,0.0
72,7.53466,99.600965,68,0.0
73,7.534663,99.599153,40,0.0
74,7.535555,99.608218,2,0.0
75,7.535556,99.607311,69,0.0
76,7.535565,99.600967,72,0.0
77,7.535569,99.598247,124,0.0
78,7.536461,99.607313,44,0.0
79,7.536469,99.600968,28,0.0
80,7.537187,99.724239,12,0.0
81,7.537189,99.723332,67,0.0
82,7.53719,99.722426,285,0.0
83,7.537192,99.72152,26,0.0
84,7.537364,99.60822,31,0.0
85,7.537365,99.607314,5,0.0
86,7.537366,99.606408,4,0.0
87,7.537374,99.600969,21,0.0
88,7.538093,99.723334,1,0.0
89,7.53827,99.607315,9,0.0
90,7.538282,99.598251,45,0.0
91,7.539173,99.608223,66,0.0
92,7.54008,99.606411,194,0.0
93,7.540081,99.605505,537,0.0
94,7.540985,99.606413,73,0.0
95,7.540986,99.605506,91,0.0
96,7.542791,99.608228,56,0.0
97,7.542792,99.607321,213,0.0
98,7.542859,99.557468,5,0.0
99,7.543523,99.72153,17,0.0
100,7.543698,99.606416,27,0.0
101,7.544428,99.721531,261,0.0
102,7.544603,99.606418,26,0.0
103,7.545294,99.744193,0,0.0
104,7.545331,99.722439,120,0.0
105,7.545332,99.721533,187,0.0
106,7.545334,99.720627,0,0.0
107,7.546231,99.72516,0,0.0
108,7.547138,99.723349,11,0.0
109,7.548955,99.71882,38,0.0
110,7.550753,99.725168,2,0.0
111,7.55165,99.729701,47,0.0
112,7.551652,99.728795,175,0.0
113,7.551653,99.727888,85,0.0
114,7.551655,99.726982,27,0.0
115,7.553637,100.080473,30,0.0
116,7.562562,99.694368,0,0.0
117,7.599778,100.392382,40,0.0
118,7.606166,100.050691,24,0.0
119,7.61243,100.0779,0,0.0
120,7.739259,99.991173,0,0.0
121,7.752101,99.910499,0,0.0
122,7.763874,99.903269,0,0.0
123,7.771092,99.911446,0,0.0
124,7.771094,99.91054,0,0.0
125,7.771096,99.909633,0,0.0
126,7.771098,99.908726,0,0.0
127,7.772773,99.969487,32,0.0
128,7.802789,99.89247,8,0.0
129,7.811723,99.943277,0,0.0
130,7.829842,99.929713,12,0.0
131,7.83075,99.927901,0,0.0
132,7.832529,99.941509,0,0.0
133,7.836441,99.799121,5,0.0
134,7.836443,99.798214,32,0.0
135,7.837072,99.93245,5,0.0
136,7.862671,99.799171,10,0.0
137,7.879628,99.910775,0,0.0
138,7.883273,99.898084,0,0.0
139,7.894077,99.920785,5,0.0
140,8.282801,99.997936,0,0.0
141,8.336039,100.04529,17,0.0
142,8.336943,100.045293,45,0.0
143,8.337845,100.046203,57,0.0
144,8.636703,99.88343,0,0.0
145,8.641206,99.89162,15,0.0
146,8.642111,99.891622,135,0.0
147,8.642119,99.887987,0,0.0
148,8.668241,99.932583,0,0.0
149,8.671859,99.932592,0,0.0
150,8.857422,99.865764,0,0.0
151,8.858316,99.870313,0,0.0
152,8.85832,99.868494,0,0.0
153,8.858323,99.867585,0,0.0
154,8.859223,99.869405,0,0.0
155,8.860127,99.869408,0,0.0
156,8.955892,99.912385,10,0.0
157,12.842492,80.069242,0,0.0
158,13.76262,100.670453,1,0.0
159,13.855433,100.711817,0,0.0
160,13.999513,99.999112,0,0.0
161,14.844382,-15.879276,18,0.0
162,14.85885,-15.878405,11,0.0
163,15.036995,-16.253065,35,0.0
164,15.182259,100.448442,0,0.0
165,15.254459,100.31952,0,0.0
166,15.257903,100.348405,0,0.0
167,15.262523,100.331675,0,0.0
168,15.66865,100.118763,0,0.0
169,15.883726,100.290853,0,0.0
170,15.91734,80.350694,0,0.0
171,15.949615,100.306221,0,0.0
172,16.012539,100.737401,0,0.0
173,16.019452,100.542168,0,0.0
174,16.028681,100.3815,0,0.0
175,16.091107,99.849959,0,0.0
176,16.168331,100.575113,18,0.0
177,16.22002,100.422115,0,0.0
178,16.220988,99.918813,2,0.0
179,16.220992,99.917877,0,0.0
180,16.294058,100.29257,0,0.0
181,16.299378,100.691251,0,0.0
182,16.314061,100.273047,0,0.0
183,16.363091,99.619862,0,0.0
184,16.376279,100.296856,0,0.0
185,16.405194,100.297984,0,0.0
186,16.447448,100.333853,40,0.0
187,16.459168,99.525551,0,0.0
188,16.463679,99.529311,0,0.0
189,16.469124,99.520894,0,0.0
190,16.478166,99.519981,0,0.0
191,16.47906,99.523731,0,0.0
192,16.479111,99.50312,0,0.0
193,16.479928,99.537787,0,0.0
194,16.488942,100.480266,0,0.0
195,16.567251,100.642973,11,0.0
196,16.663959,100.252834,0,0.0
197,16.685028,99.839409,0,0.0
198,16.773578,100.209456,0,0.0
199,16.780741,100.22076,20,0.0
200,16.781209,101.240386,0,0.0
201,16.781645,100.220765,20,0.0
202,16.782648,100.203884,0,0.0
203,16.786108,100.230176,5,0.0
204,16.799523,100.25372,20,0.0
205,16.799586,100.243399,0,0.0
206,16.802437,100.21996,2,0.0
207,16.805676,100.28191,0,0.0
208,16.806667,100.267841,0,0.0
209,16.809476,100.251908,0,0.0
210,16.810305,100.264112,0,0.0
211,16.810957,100.304465,0,0.0
212,16.813377,100.349522,0,0.0
213,16.816384,99.977938,0,0.0
214,16.819728,100.345813,0,0.0
215,16.822675,100.309237,0,0.0
216,16.822687,100.30736,0,0.0
217,16.82842,100.257663,0,0.0
218,16.833779,100.268022,0,0.0
219,16.840289,100.238034,0,0.0
220,16.859953,100.273828,0,0.0
221,16.87257,100.279544,0,0.0
222,16.884295,101.231278,0,0.0
223,16.899185,100.21307,0,0.0
224,16.933387,100.236763,0,0.0
225,16.933392,100.235824,11,0.0
226,16.933432,100.229251,0,0.0
227,16.949869,100.345797,0,0.0
228,16.953292,100.233137,20,0.0
229,16.992472,100.326377,0,0.0
230,16.992479,100.325438,5,0.0
231,17.005026,99.572143,0,0.0
232,17.029568,100.172572,4,0.0
233,17.056059,99.94535,20,0.0
234,17.118227,100.879838,0,0.0
235,17.176865,100.322041,0,0.0
236,17.178488,99.602763,0,0.0
237,17.179392,99.602766,0,0.0
238,17.179394,99.601826,0,0.0
239,17.180216,100.060688,0,0.0
240,17.304962,100.056697,0,0.0
241,17.307573,100.075529,0,0.0
242,17.39592,78.56409,0,0.0
243,17.400609,78.364594,0,0.0
244,17.497789,78.337785,0,0.0
245,17.600207,100.110231,0,0.0
246,17.630182,100.083081,0,0.0
247,17.640002,100.104819,0,0.0
248,17.640008,100.103876,56,0.0
249,17.665796,100.176622,0,0.0
250,17.688713,100.121144,80,0.0
251,17.70867,100.108067,47,0.0
252,18.023847,-67.152335,0,0.0
253,18.023856,-67.153279,0,0.0
254,18.023865,-67.154223,14,0.0
255,18.023874,-67.155167,0,0.0
256,18.02476,-67.153269,0,0.0
257,18.024769,-67.154214,0,0.0
258,18.024778,-67.155158,0,0.0
259,18.027416,-67.147575,0,0.0
260,18.027425,-67.14852,0,0.0
261,18.03391,-67.165451,0,0.0
262,18.069089,-67.159419,0,0.0
263,18.128788,-66.071523,0,0.0
264,18.14228,100.139124,0,0.0
265,18.179551,103.898452,0,0.0
266,18.180455,103.898446,0,0.0
267,18.298169,103.652678,0,0.0
268,18.414101,-66.447013,0,0.0
269,18.420738,-66.470568,0,0.0
270,18.421666,-66.472447,0,0.0
271,18.422304,-66.452568,0,0.0
272,18.422582,-66.47338,0,0.0
273,18.431282,-66.448651,0,0.0
274,18.432185,-66.448638,0,0.0
275,18.440997,-66.432422,0,0.0
276,18.449588,-66.400121,3,0.0
277,18.450517,-66.401999,3,0.0
278,18.45513,-66.544827,0,0.0
279,19.515288,74.287102,0,0.0
280,24.969405,121.101968,0,0.0
281,25.02001,121.414298,3,0.0
282,25.020923,121.415277,57,0.0
283,26.340472,-80.104118,10,0.0
284,26.341375,-80.104111,2,0.0
285,26.431887,80.306993,0,0.0
286,28.162051,-80.66183,0,0.0
287,28.165686,-80.672004,0,0.0
288,28.258763,-80.716578,0,0.0
289,28.263275,-80.715546,0,0.0
290,28.265069,-80.710444,0,0.0
291,28.265932,-80.692089,0,0.0
292,28.268676,-80.708395,0,0.0
293,28.287647,-80.715482,0,0.0
294,28.288558,-80.719558,0,0.0
295,28.289461,-80.719556,0,0.0
296,28.292137,-80.704252,0,0.0
297,28.293039,-80.704249,0,0.0
298,28.293949,-80.707306,0,0.0
299,28.293951,-80.708326,0,0.0
300,28.293987,-80.725663,0,0.0
301,28.297593,-80.723614,0,0.0
302,28.299397,-80.72259,0,0.0
303,28.307521,-80.722568,0,0.0
304,28.309326,-80.722564,0,0.0
305,28.611909,-81.158549,0,0.0
306,28.614601,-81.171851,0,0.0
307,28.615509,-81.167761,0,0.0
308,28.616409,-81.169808,1,0.0
309,28.619109,-81.17595,0,0.0
310,28.620008,-81.179021,1,0.0
311,29.479242,-98.47085,20,0.0
312,29.480144,-98.470846,0,0.0
313,29.480149,-98.471877,0,0.0
314,29.481047,-98.470841,0,0.0
315,29.506789,-98.606898,39,0.0
316,29.507692,-98.606895,5,0.0
317,29.546846,-95.556257,0,0.0
318,29.548411,-95.568676,0,0.0
319,29.548431,-95.567645,0,0.0
320,29.554218,-95.548189,0,0.0
321,29.556863,-95.551351,0,0.0
322,29.560152,-95.567942,0,0.0
323,29.572823,-98.661361,1,0.0
324,29.580216,-98.259698,0,0.0
325,29.580221,-98.260731,15,0.0
326,29.581118,-98.259692,0,0.0
327,29.581124,-98.260724,0,0.0
328,29.584536,-98.654094,5,0.0
329,29.589182,-98.249307,0,0.0
330,29.59009,-98.250333,0,0.0
331,29.590975,-98.247229,0,0.0
332,29.627385,-98.505199,0,0.0
333,29.649035,-95.635254,0,0.0
334,29.655116,-98.443068,0,0.0
335,29.656018,-98.443063,0,0.0
336,29.699449,-95.452659,0,0.0
337,29.705799,-95.450747,0,0.0
338,29.711132,-95.45501,0,0.0
339,29.713876,-95.45301,0,0.0
340,29.718002,-95.791021,0,0.0
341,29.719164,-95.778653,0,0.0
342,29.723008,-95.767392,0,0.0
343,29.734132,-95.479343,0,0.0
344,29.734152,-95.47831,0,0.0
345,29.761932,-95.439706,0,0.0
346,29.762875,-95.388033,0,0.0
347,29.781019,-95.431896,5,0.0
348,29.781038,-95.430862,0,0.0
349,29.781057,-95.429829,0,0.0
350,29.781076,-95.428795,0,0.0
351,29.781095,-95.427761,0,0.0
352,29.781114,-95.426728,0,0.0
353,29.781864,-95.435019,0,0.0
354,29.781902,-95.432951,0,0.0
355,29.781921,-95.431918,0,0.0
356,29.781978,-95.428817,0,0.0
357,29.782765,-95.43504,0,0.0
358,29.782804,-95.432973,0,0.0
359,29.782842,-95.430906,0,0.0
360,29.786676,-95.418589,0,0.0
361,29.787578,-95.41861,0,0.0
362,29.789362,-95.419688,0,0.0
363,29.790283,-95.418676,0,0.0
364,29.805349,-95.38387,0,0.0
365,29.805857,-95.405604,0,0.0
366,29.806758,-95.405625,0,0.0
367,29.816545,-95.556888,0,0.0
368,29.824318,-95.43191,0,0.0
369,29.836904,-95.434284,0,0.0
370,29.848375,-95.724286,0,0.0
371,29.856464,-95.400608,0,0.0
372,30.188772,-95.525962,0,0.0
373,30.19324,-95.528153,0,0.0
374,30.194102,-95.530251,0,0.0
375,30.300426,-97.887258,0,0.0
376,30.301337,-97.888287,1,0.0
377,30.30139,-97.894526,35,0.0
378,30.302292,-97.894516,0,0.0
379,30.30315,-97.889307,0,0.0
380,30.326853,-97.918164,0,0.0
381,30.344846,-97.911724,0,0.0
382,30.359974,-97.886584,20,0.0
383,30.360876,-97.886574,0,0.0
384,30.361796,-97.888645,0,0.0
385,30.36361,-97.889665,0,0.0
386,30.363698,-97.900069,0,0.0
387,30.3646,-97.900059,0,0.0
388,30.365396,-97.887563,0,0.0
389,30.366378,-97.896918,0,0.0
390,30.367289,-97.897948,0,0.0
391,30.371835,-97.902059,0,0.0
392,30.376276,-97.893684,0,0.0
393,30.37632,-97.898887,0,0.0
394,30.377187,-97.894715,0,0.0
395,30.377974,-97.881177,0,0.0
396,30.378125,-97.898867,0,0.0
397,30.378877,-97.881167,0,0.0
398,30.423267,-97.799449,0,0.0
399,30.424169,-97.799438,0,0.0
400,30.424508,-97.836916,0,0.0
401,30.426002,-97.802539,0,0.0
402,30.43074,-97.827471,0,0.0
403,30.431642,-97.82746,20,0.0
404,30.433291,-97.626477,0,0.0
405,30.434321,-97.824304,15,0.0
406,30.43615,-97.641015,0,0.0
407,30.438719,-97.811755,0,0.0
408,30.440418,-97.80028,0,0.0
409,30.440475,-97.806527,0,0.0
410,30.440485,-97.807569,0,0.0
411,30.442223,-97.800258,1,0.0
412,30.450443,-97.627278,0,0.0
413,30.453204,-97.632447,0,0.0
414,31.68469,-106.188012,0,0.0
415,31.686395,-106.198583,0,0.0
416,31.89631,-106.4022,0,0.0
417,32.072358,36.075184,4,0.0
418,32.855894,-97.167226,0,0.0
419,32.856874,-97.172549,1,0.0
420,32.85689,-97.173617,0,0.0
421,32.858677,-97.172512,0,0.0
422,32.871903,-97.151935,1,0.0
423,32.876631,-97.166799,0,0.0
424,32.903059,-96.79316,1,0.0
425,32.90396,-96.793138,0,0.0
426,32.909743,-117.206393,0,0.0
427,32.915174,-117.194642,0,0.0
428,32.936847,-117.178643,0,0.0
429,32.98411,-97.000864,0,0.0
430,32.985012,-97.000843,0,0.0
431,33.051504,-96.824799,0,0.0
432,33.055998,-96.72296,0,0.0
433,33.091539,-96.743468,0,0.0
434,33.094165,-96.739116,0,0.0
435,33.094301,-96.746612,0,0.0
436,33.09434,-96.748753,0,0.0
437,33.095067,-96.739093,25,0.0
438,33.095086,-96.740164,0,0.0
439,33.095319,-96.753013,0,0.0
440,33.095968,-96.73907,0,0.0
441,33.097198,-96.757251,0,0.0
442,33.097771,-96.739024,6,0.0
443,33.151202,-96.702278,0,0.0
444,33.155063,-96.716114,0,0.0
445,33.159412,-96.707424,0,0.0
446,33.159883,-96.733142,0,0.0
447,33.161057,-96.698805,0,0.0
448,33.166839,-96.719025,6,0.0
449,33.166859,-96.720096,0,0.0
450,33.170484,-96.721075,0,0.0
451,33.171306,-96.716765,0,0.0
452,33.171872,-96.698522,0,0.0
453,33.173892,-96.710264,0,0.0
454,33.248154,-87.068704,0,0.0
455,33.24996,-87.065485,0,0.0
456,33.252668,-87.062266,0,0.0
457,33.258979,-87.066565,0,0.0
458,33.273403,-87.080535,0,0.0
459,33.4356,-86.78484,0,0.0
460,33.435608,-86.789143,0,0.0
461,33.436459,-86.76117,0,0.0
462,33.436461,-86.762246,402,0.0
463,33.436463,-86.763322,735,0.0
464,33.437363,-86.762244,680,0.0
465,33.437365,-86.76332,0,0.0
466,33.698619,-118.012144,36,0.0
467,33.715555,-118.319912,0,0.0
468,33.715566,-118.318833,0,0.0
469,33.715589,-118.316675,0,0.0
470,33.721228,-118.295177,0,0.0
471,33.732779,-118.311541,0,0.0
472,33.73279,-118.310462,0,0.0
473,33.755935,-84.287973,0,0.0
474,33.757002,-84.295494,0,0.0
475,33.760011,-84.309432,0,0.0
476,33.760202,-84.277045,0,0.0
477,33.768728,-84.337226,2,0.0
478,33.776656,-84.287319,0,0.0
479,33.77668,-84.288398,0,0.0
480,33.777557,-84.287291,0,0.0
481,33.777581,-84.28837,0,0.0
482,33.783081,-84.292515,1,0.0
483,33.803406,-84.35667,4,0.0
484,33.805297,-118.087941,0,0.0
485,33.807101,-118.087964,23,0.0
486,33.808012,-118.086895,0,0.0
487,33.808904,-118.087987,0,0.0
488,33.809825,-118.085838,0,0.0
489,33.973252,-80.852777,0,0.0
490,33.973253,-80.853859,0,0.0
491,33.974154,-80.852775,2,0.0
492,33.974155,-80.853858,0,0.0
493,33.978301,-84.485455,0,0.0
494,33.978323,-84.486537,22,0.0
495,34.014818,-81.047654,0,0.0
496,34.12206,-118.162464,7,0.0
497,34.124755,-118.163585,35,0.0
498,34.130145,-118.165828,0,0.0
499,34.131763,-118.087769,8,0.0
500,34.137338,-118.168096,0,0.0
501,34.137368,-118.164843,40,0.0
502,34.139151,-118.167036,8,0.0
503,34.140053,-118.167049,7,0.0
504,34.14366,-118.167098,7,0.0
505,34.144582,-118.164942,3,0.0
506,34.159261,-84.70243,0,0.0
507,37.2902,-122.037658,0,0.0
508,37.290413,-121.956428,0,0.0
509,37.291314,-121.956415,2,0.0
510,37.291966,-122.033122,0,0.0
511,37.297456,-122.043207,0,0.0
512,37.302026,-122.051047,0,0.0
513,37.306496,-122.046477,0,0.0
514,37.314634,-122.04976,0,0.0
515,37.348843,-122.163362,0,0.0
516,37.483239,-77.657826,13,0.0
517,37.48391,-77.668027,0,0.0
518,37.487613,-77.663635,0,0.0
519,37.94951,-84.483624,0,0.0
520,37.949874,-84.50068,0,0.0
521,37.950411,-84.483593,0,0.0
522,37.950774,-84.50065,5,0.0
523,37.955034,-84.489125,0,0.0
524,37.959803,-84.501482,0,0.0
525,38.259984,-76.682489,0,0.0
526,38.332216,-82.963302,17,0.0
527,38.375877,-81.768192,11,0.0
528,38.375892,-81.765903,0,0.0
529,38.376779,-81.768202,0,0.0
530,38.37768,-81.768211,13,0.0
531,38.380383,-81.76824,0,0.0
532,38.721656,-76.953213,0,0.0
533,38.722537,-76.954387,0,0.0
534,38.854164,-77.155033,0,0.0
535,38.953264,-74.856893,0,0.0
536,38.953265,-74.858048,0,0.0
537,38.956861,-74.851115,3,0.0
538,38.956863,-74.85227,0,0.0
539,39.011239,-77.234859,2,0.0
540,39.016686,-77.23272,0,0.0
541,39.05973,-77.243321,104,0.0
542,39.060564,-77.246814,2,0.0
543,39.060586,-77.245659,11,0.0
544,39.061486,-77.245688,33,0.0
545,39.061509,-77.244533,42,0.0
546,39.061553,-77.242223,0,0.0
547,39.064076,-77.251549,12,0.0
548,39.070379,-77.251749,0,0.0
549,39.070469,-77.247129,0,0.0
550,39.070491,-77.245973,0,0.0
551,39.071391,-77.246002,0,0.0
552,39.073058,-77.25299,79,0.0
553,39.145958,-76.537915,135,0.0
554,39.248012,-77.197168,0,0.0
555,39.253415,-77.197336,0,0.0
556,39.253437,-77.196178,0,0.0
557,39.311125,-77.464724,0,0.0
558,39.329822,-76.533814,0,0.0
559,39.375221,-76.703139,0,0.0
560,39.378874,-76.699745,0,0.0
561,39.378891,-76.698585,0,0.0
562,39.379792,-76.698607,0,0.0
563,39.459959,-77.41302,0,0.0
564,39.473971,-84.700416,0,0.0
565,39.473994,-84.701578,0,0.0
566,39.474017,-84.702739,0,0.0
567,39.475795,-84.701518,0,0.0
568,39.476695,-84.701489,0,0.0
569,39.477595,-84.701459,0,0.0
570,39.521416,-76.973105,0,0.0
571,39.939065,-105.799429,0,0.0
572,39.941736,-105.804142,0,0.0
573,39.941752,-105.801801,0,0.0
574,39.946183,-105.812388,0,0.0
575,39.946191,-105.811217,0,0.0
576,40.002074,-75.48502,0,0.0
577,40.005628,-75.496761,0,0.0
578,40.005711,-75.476845,0,0.0
579,40.006534,-75.495596,0,0.0
580,40.009349,-75.468668,0,0.0
581,40.011136,-75.472196,0,0.0
582,40.011878,-105.226141,7,0.0
583,40.012779,-105.226144,0,0.0
584,40.012924,-75.475723,0,0.0
585,40.021008,-75.481638,0,0.0
586,40.249709,-75.687844,0,0.0
587,40.264546,-75.612727,0,0.0
588,40.325216,-74.690419,0,0.0
589,40.326114,-74.689237,0,0.0
590,40.326117,-74.690415,0,0.0
591,40.326992,-74.680993,0,0.0
592,40.33863,-74.655037,0,0.0
593,40.36647,-74.626627,0,0.0
594,40.416965,-74.418896,0,0.0
595,40.420644,-74.434188,0,0.0
596,40.4224,-74.424743,0,0.0
597,40.4233,-74.424735,0,0.0
598,40.429493,-74.402283,0,0.0
599,40.433967,-74.396348,0,0.0
600,40.434097,-74.645118,0,0.0
601,40.438637,-74.656885,0,0.0
602,40.43864,-74.658064,0,0.0
603,40.439541,-74.658059,0,0.0
604,40.439548,-74.660417,0,0.0
605,40.440403,-74.645084,0,0.0
606,40.440449,-74.660413,0,0.0
607,40.441347,-74.659229,0,0.0
608,40.44135,-74.660408,0,0.0
609,40.44223,-74.653329,0,0.0
610,40.442234,-74.654508,0,0.0
611,40.443113,-74.647428,0,0.0
612,40.463158,-74.731069,0,0.0
613,40.587338,-73.669425,0,0.0
614,40.785441,-73.742514,0,0.0
615,40.798114,-73.748201,0,0.0
616,40.907532,-73.972923,0,0.0
617,40.907542,-73.97411,0,0.0
618,40.908432,-73.972909,0,0.0
619,40.908443,-73.974097,0,0.0
620,41.365781,-83.66862,0,0.0
621,41.427076,-72.577773,0,0.0
622,41.51891,-87.699915,0,0.0
623,41.51981,-87.699924,0,0.0
624,41.71308,-88.095094,0,0.0
625,41.713981,-88.095109,0,0.0
626,41.714836,-88.099932,0,0.0
627,41.725203,-88.050815,0,0.0
628,41.725214,-88.049613,0,0.0
629,41.748082,-88.197919,3,0.0
630,41.749995,-88.18713,0,0.0
631,41.750008,-88.185928,0,0.0
632,41.750796,-88.196767,0,0.0
633,41.750896,-88.187147,0,0.0
634,41.751796,-88.187163,0,0.0
635,41.761751,-88.182535,0,0.0
636,41.762677,-88.180146,0,0.0
637,41.762689,-88.178943,1,0.0
638,41.76359,-88.17896,0,0.0
639,41.764465,-88.181382,3,0.0
640,41.764478,-88.180179,1,0.0
641,41.765378,-88.180196,0,0.0
642,41.80737,-87.922144,0,0.0
643,41.819929,-87.928344,0,0.0
644,41.830697,-87.933317,0,0.0
645,41.832508,-87.932139,0,0.0
646,41.832518,-87.930935,0,0.0
647,42.062701,-71.162239,0,0.0
648,42.063579,-71.163477,0,0.0
649,42.063601,-71.162269,0,0.0
650,42.079527,-71.177317,1,0.0
651,42.07955,-71.176109,0,0.0
652,42.135513,-88.092662,0,0.0
653,42.174037,-83.650297,0,0.0
654,42.198876,-88.058628,0,0.0
655,42.198887,-88.057417,0,0.0
656,42.199799,-88.056221,0,0.0
657,42.200392,-83.60053,0,0.0
658,42.201589,-88.057462,0,0.0
659,42.2016,-88.056251,0,0.0
660,42.40517,-92.468953,0,0.0
661,42.462992,-71.453269,0,0.0
662,42.463018,-71.452054,10,0.0
663,42.463044,-71.450838,0,0.0
664,42.463096,-71.448408,0,0.0
665,42.463996,-71.448443,1,0.0
666,42.464799,-71.494692,0,0.0
667,42.466591,-71.453409,0,0.0
668,42.466617,-71.452194,0,0.0
669,42.466863,-71.482611,0,0.0
670,42.467286,-71.504522,0,0.0
671,42.467629,-75.052306,27,0.0
672,42.467736,-71.483862,0,0.0
673,42.467763,-71.482647,0,0.0
674,42.468239,-71.502127,0,0.0
675,42.468443,-71.451049,0,0.0
676,42.468529,-75.05474,0,0.0
677,42.46853,-75.052307,0,0.0
678,42.469429,-75.05474,0,0.0
679,42.470012,-71.503414,0,0.0
680,42.473266,-71.477999,47,0.0
681,42.477049,-71.469633,0,0.0
682,42.477949,-71.469668,0,0.0
683,42.477975,-71.468453,0,0.0
684,42.481127,-71.489258,0,0.0
685,42.483357,-71.427299,0,0.0
686,42.488215,-71.410453,0,0.0
687,42.488241,-71.409237,0,0.0
688,42.489115,-71.410487,0,0.0
689,42.51125,-71.428379,1,0.0
690,42.51161,-71.411352,0,0.0
691,42.515081,-71.417572,2,0.0
692,42.516262,-71.404228,0,0.0
693,42.562161,-83.180629,0,0.0
694,42.574069,-83.170078,0,0.0
695,42.576537,-83.182348,0,0.0
696,42.576607,-83.178695,1,0.0
697,42.722671,-78.830854,0,0.0
698,42.72357,-78.830823,0,0.0
699,43.032518,-70.965225,0,0.0
700,43.062126,-78.604013,0,0.0
701,43.309501,-122.194803,0,0.0
702,43.679078,-79.447996,0,0.0
703,43.958708,-121.788482,0,0.0
704,43.996931,-121.384856,0,0.0
705,44.01309,-121.738721,0,0.0
706,44.039377,-121.331284,0,0.0
707,44.040131,-121.321278,0,0.0
708,44.040149,-121.322525,0,0.0
709,44.040222,-121.327516,4,0.0
710,44.04024,-121.328763,0,0.0
711,44.040259,-121.330011,0,0.0
712,44.041031,-121.321252,0,0.0
713,44.041122,-121.32749,0,0.0
714,44.04114,-121.328738,0,0.0
715,44.042004,-121.326217,0,0.0
716,44.044575,-121.317407,0,0.0
717,44.060258,-121.343182,1,0.0
718,44.062202,-121.353117,0,0.0
719,44.06231,-121.360605,0,0.0
720,44.063102,-121.353092,3,0.0
721,44.06312,-121.35434,1,0.0
722,44.067019,-121.313026,0,0.0
723,44.067037,-121.314274,0,0.0
724,44.0733,-121.311598,0,0.0
725,44.842767,-93.180943,0,0.0
726,44.842769,-93.179677,0,0.0
727,46.072827,16.956547,0,0.0
728,47.592212,-122.184637,0,0.0
729,47.592222,-122.185967,0,0.0
730,47.593112,-122.184623,0,0.0
731,47.593121,-122.185953,0,0.0
732,47.593131,-122.187283,0,0.0
733,47.594911,-122.184595,0,0.0
734,47.595811,-122.184581,0,0.0
735,47.6012,-122.183167,0,0.0
736,47.620433,-122.232109,0,0.0
737,47.621161,-122.206812,0,0.0
738,47.624422,-122.044387,0,0.0
739,47.626704,-122.228024,0,0.0
740,47.627604,-122.22801,0,0.0
741,47.628504,-122.227997,0,0.0
742,47.637046,-122.297097,0,0.0
743,47.648181,-122.089226,0,0.0
744,47.793253,-122.241583,5,0.0
745,48.170254,-103.653647,2,0.0
746,48.17027,-103.654991,0,0.0
747,48.201368,-103.621877,0,0.0
748,48.986651,21.241929,0,0.0
749,49.289902,-122.815724,0,0.0
750,50.08998,8.256286,0,0.0
751,50.133244,8.66279,0,0.0
752,50.134144,8.662783,0,0.0
753,50.134148,8.664183,0,0.0
754,50.134156,8.666981,0,0.0
755,50.135051,8.665575,0,0.0
756,50.136904,8.685153,0,0.0
757,50.136908,8.686552,0,0.0
758,50.139603,8.685135,7,0.0
759,50.139614,8.689333,0,0.0
760,50.140513,8.689328,0,0.0
761,50.142312,8.689316,76,0.0
762,50.143215,8.69071,1,0.0
