,Latitude,Longitude,Date,SMAP_Tile,SPL3SMP_006_Line_Y_36.032km,SPL3SMP_006_Sample_X_36.032km,SPL3SMP_006_Soil_Moisture_Retrieval_Data_AM_soil_moisture,SPL3SMP_006_Soil_Moisture_Retrieval_Data_AM_surface_temperature
0,18.027425,-67.14851999999999,2020-05-31,h00v00,140.0,302.0,,
1,18.027425,-67.14851999999999,2020-06-01,h00v00,140.0,302.0,,
2,18.027425,-67.14851999999999,2020-06-02,h00v00,140.0,302.0,,306.6542
3,18.027425,-67.14851999999999,2020-06-03,h00v00,140.0,302.0,,
4,18.027425,-67.14851999999999,2020-06-04,h00v00,140.0,302.0,,
5,18.027425,-67.14851999999999,2020-06-05,h00v00,140.0,302.0,,306.9856
6,18.027425,-67.14851999999999,2020-06-06,h00v00,140.0,302.0,,
7,18.027425,-67.14851999999999,2020-06-07,h00v00,140.0,302.0,,306.7578
8,18.027425,-67.14851999999999,2020-06-08,h00v00,140.0,302.0,,
9,18.027425,-67.14851999999999,2020-06-09,h00v00,140.0,302.0,,
10,18.027425,-67.14851999999999,2020-06-10,h00v00,140.0,302.0,,306.6091
11,18.027425,-67.14851999999999,2020-06-11,h00v00,140.0,302.0,,
12,18.027425,-67.14851999999999,2020-06-12,h00v00,140.0,302.0,,
13,18.027425,-67.14851999999999,2020-06-13,h00v00,140.0,302.0,,306.7255
14,18.027425,-67.14851999999999,2020-06-14,h00v00,140.0,302.0,,
15,18.027425,-67.14851999999999,2020-06-15,h00v00,140.0,302.0,,307.1268
16,18.027425,-67.14851999999999,2020-06-16,h00v00,140.0,302.0,,
17,18.027425,-67.14851999999999,2020-06-18,h00v00,140.0,302.0,,306.8309
18,18.027425,-67.14851999999999,2020-06-19,h00v00,140.0,302.0,,
19,18.027425,-67.14851999999999,2020-06-20,h00v00,140.0,302.0,,
20,18.027425,-67.14851999999999,2020-06-21,h00v00,140.0,302.0,,307.2708
21,18.027425,-67.14851999999999,2020-06-22,h00v00,140.0,302.0,,
22,18.027425,-67.14851999999999,2020-06-23,h00v00,140.0,302.0,,307.5689
23,18.027425,-67.14851999999999,2020-06-24,h00v00,140.0,302.0,,
24,18.027425,-67.14851999999999,2020-06-25,h00v00,140.0,302.0,,
25,18.027425,-67.14851999999999,2020-06-26,h00v00,140.0,302.0,,307.0318
26,18.027425,-67.14851999999999,2020-06-27,h00v00,140.0,302.0,,
27,18.027425,-67.14851999999999,2020-06-28,h00v00,140.0,302.0,,
28,18.027425,-67.14851999999999,2020-06-29,h00v00,140.0,302.0,,307.3522
29,18.027425,-67.14851999999999,2020-06-30,h00v00,140.0,302.0,,
30,18.027425,-67.14851999999999,2020-07-01,h00v00,140.0,302.0,,306.631
31,18.027425,-67.14851999999999,2020-07-02,h00v00,140.0,302.0,,
32,18.027425,-67.14851999999999,2020-07-03,h00v00,140.0,302.0,,
33,18.027425,-67.14851999999999,2020-07-04,h00v00,140.0,302.0,,307.1822
34,18.027425,-67.14851999999999,2020-07-05,h00v00,140.0,302.0,,
35,18.027425,-67.14851999999999,2020-07-06,h00v00,140.0,302.0,,
36,18.027425,-67.14851999999999,2020-07-07,h00v00,140.0,302.0,,307.1782
37,18.027425,-67.14851999999999,2020-07-08,h00v00,140.0,302.0,,
38,18.027425,-67.14851999999999,2020-07-09,h00v00,140.0,302.0,,
39,18.027425,-67.14851999999999,2020-07-10,h00v00,140.0,302.0,,
40,18.027425,-67.14851999999999,2020-07-11,h00v00,140.0,302.0,,
41,18.027425,-67.14851999999999,2020-07-12,h00v00,140.0,302.0,,307.0439
42,18.027425,-67.14851999999999,2020-07-13,h00v00,140.0,302.0,,
43,18.027425,-67.14851999999999,2020-07-14,h00v00,140.0,302.0,,
44,18.027425,-67.14851999999999,2020-07-15,h00v00,140.0,302.0,,307.1962
45,18.027425,-67.14851999999999,2020-07-16,h00v00,140.0,302.0,,
46,18.027425,-67.14851999999999,2020-07-17,h00v00,140.0,302.0,,306.7856
47,18.027425,-67.14851999999999,2020-07-18,h00v00,140.0,302.0,,
48,18.027425,-67.14851999999999,2020-07-19,h00v00,140.0,302.0,,
49,18.027425,-67.14851999999999,2020-07-20,h00v00,140.0,302.0,,306.5043
50,29.480144,-98.470846,2020-05-31,h00v00,103.0,218.0,0.1998,303.6563
51,29.480144,-98.470846,2020-06-01,h00v00,103.0,218.0,,
52,29.480144,-98.470846,2020-06-02,h00v00,103.0,218.0,,
53,29.480144,-98.470846,2020-06-03,h00v00,103.0,218.0,,
54,29.480144,-98.470846,2020-06-04,h00v00,103.0,218.0,,
55,29.480144,-98.470846,2020-06-05,h00v00,103.0,218.0,,
56,29.480144,-98.470846,2020-06-06,h00v00,103.0,218.0,0.1711,304.6909
57,29.480144,-98.470846,2020-06-07,h00v00,103.0,218.0,,
58,29.480144,-98.470846,2020-06-08,h00v00,103.0,218.0,0.158,306.2349
59,29.480144,-98.470846,2020-06-09,h00v00,103.0,218.0,,
60,29.480144,-98.470846,2020-06-10,h00v00,103.0,218.0,,
61,29.480144,-98.470846,2020-06-11,h00v00,103.0,218.0,0.1389,304.7466
62,29.480144,-98.470846,2020-06-12,h00v00,103.0,218.0,,
63,29.480144,-98.470846,2020-06-13,h00v00,103.0,218.0,,
64,29.480144,-98.470846,2020-06-14,h00v00,103.0,218.0,0.1374,304.2144
65,29.480144,-98.470846,2020-06-15,h00v00,103.0,218.0,,
66,29.480144,-98.470846,2020-06-16,h00v00,103.0,218.0,0.1498,305.2588
67,29.480144,-98.470846,2020-06-18,h00v00,103.0,218.0,,
68,29.480144,-98.470846,2020-06-19,h00v00,103.0,218.0,0.1403,306.0366
69,29.480144,-98.470846,2020-06-20,h00v00,103.0,218.0,,
70,29.480144,-98.470846,2020-06-21,h00v00,103.0,218.0,,
71,29.480144,-98.470846,2020-06-22,h00v00,103.0,218.0,0.1476,306.5148
72,29.480144,-98.470846,2020-06-23,h00v00,103.0,218.0,,
73,29.480144,-98.470846,2020-06-24,h00v00,103.0,218.0,0.2002,306.4065
74,29.480144,-98.470846,2020-06-25,h00v00,103.0,218.0,,
75,29.480144,-98.470846,2020-06-26,h00v00,103.0,218.0,,
76,29.480144,-98.470846,2020-06-27,h00v00,103.0,218.0,0.2196,306.3408
77,29.480144,-98.470846,2020-06-28,h00v00,103.0,218.0,,
78,29.480144,-98.470846,2020-06-29,h00v00,103.0,218.0,,
79,29.480144,-98.470846,2020-06-30,h00v00,103.0,218.0,0.1647,306.288
80,29.480144,-98.470846,2020-07-01,h00v00,103.0,218.0,,
81,29.480144,-98.470846,2020-07-02,h00v00,103.0,218.0,0.1488,307.3909
82,29.480144,-98.470846,2020-07-03,h00v00,103.0,218.0,,
83,29.480144,-98.470846,2020-07-04,h00v00,103.0,218.0,,
84,29.480144,-98.470846,2020-07-05,h00v00,103.0,218.0,0.1475,308.0907
85,29.480144,-98.470846,2020-07-06,h00v00,103.0,218.0,,
86,29.480144,-98.470846,2020-07-07,h00v00,103.0,218.0,,
87,29.480144,-98.470846,2020-07-08,h00v00,103.0,218.0,0.1385,308.4551
88,29.480144,-98.470846,2020-07-09,h00v00,103.0,218.0,,
89,29.480144,-98.470846,2020-07-10,h00v00,103.0,218.0,0.1085,308.4785
90,29.480144,-98.470846,2020-07-11,h00v00,103.0,218.0,,
91,29.480144,-98.470846,2020-07-12,h00v00,103.0,218.0,,
92,29.480144,-98.470846,2020-07-13,h00v00,103.0,218.0,0.1401,309.3494
93,29.480144,-98.470846,2020-07-14,h00v00,103.0,218.0,,
94,29.480144,-98.470846,2020-07-15,h00v00,103.0,218.0,,
95,29.480144,-98.470846,2020-07-16,h00v00,103.0,218.0,0.1294,308.8857
96,29.480144,-98.470846,2020-07-17,h00v00,103.0,218.0,,
97,29.480144,-98.470846,2020-07-18,h00v00,103.0,218.0,0.1337,308.8759
98,29.480144,-98.470846,2020-07-19,h00v00,103.0,218.0,,
99,29.480144,-98.470846,2020-07-20,h00v00,103.0,218.0,,
100,29.781019,-95.431896,2020-05-31,h00v00,102.0,226.0,0.33299999999999996,303.782
101,29.781019,-95.431896,2020-06-01,h00v00,102.0,226.0,,
102,29.781019,-95.431896,2020-06-02,h00v00,102.0,226.0,,
103,29.781019,-95.431896,2020-06-03,h00v00,102.0,226.0,,
104,29.781019,-95.431896,2020-06-04,h00v00,102.0,226.0,,
105,29.781019,-95.431896,2020-06-05,h00v00,102.0,226.0,0.3332,304.545
106,29.781019,-95.431896,2020-06-06,h00v00,102.0,226.0,,
107,29.781019,-95.431896,2020-06-07,h00v00,102.0,226.0,,
108,29.781019,-95.431896,2020-06-08,h00v00,102.0,226.0,0.2874,305.5561
109,29.781019,-95.431896,2020-06-09,h00v00,102.0,226.0,,
110,29.781019,-95.431896,2020-06-10,h00v00,102.0,226.0,,
111,29.781019,-95.431896,2020-06-11,h00v00,102.0,226.0,0.2775,303.8879
112,29.781019,-95.431896,2020-06-12,h00v00,102.0,226.0,,
113,29.781019,-95.431896,2020-06-13,h00v00,102.0,226.0,,
114,29.781019,-95.431896,2020-06-14,h00v00,102.0,226.0,,
115,29.781019,-95.431896,2020-06-15,h00v00,102.0,226.0,,
116,29.781019,-95.431896,2020-06-16,h00v00,102.0,226.0,0.2287,304.8213
117,29.781019,-95.431896,2020-06-18,h00v00,102.0,226.0,,
118,29.781019,-95.431896,2020-06-19,h00v00,102.0,226.0,0.2406,305.1255
119,29.781019,-95.431896,2020-06-20,h00v00,102.0,226.0,,
120,29.781019,-95.431896,2020-06-21,h00v00,102.0,226.0,0.324,305.4745
121,29.781019,-95.431896,2020-06-22,h00v00,102.0,226.0,,
122,29.781019,-95.431896,2020-06-23,h00v00,102.0,226.0,,
123,29.781019,-95.431896,2020-06-24,h00v00,102.0,226.0,0.4791,305.7582
124,29.781019,-95.431896,2020-06-25,h00v00,102.0,226.0,,
125,29.781019,-95.431896,2020-06-26,h00v00,102.0,226.0,,
126,29.781019,-95.431896,2020-06-27,h00v00,102.0,226.0,0.4001,305.3903
127,29.781019,-95.431896,2020-06-28,h00v00,102.0,226.0,,
128,29.781019,-95.431896,2020-06-29,h00v00,102.0,226.0,0.354,305.9704
129,29.781019,-95.431896,2020-06-30,h00v00,102.0,226.0,,
130,29.781019,-95.431896,2020-07-01,h00v00,102.0,226.0,,
131,29.781019,-95.431896,2020-07-02,h00v00,102.0,226.0,0.2859,307.0321
132,29.781019,-95.431896,2020-07-03,h00v00,102.0,226.0,,
133,29.781019,-95.431896,2020-07-04,h00v00,102.0,226.0,,
134,29.781019,-95.431896,2020-07-05,h00v00,102.0,226.0,0.2829,307.3134
135,29.781019,-95.431896,2020-07-06,h00v00,102.0,226.0,,
136,29.781019,-95.431896,2020-07-07,h00v00,102.0,226.0,0.2536,307.0024
137,29.781019,-95.431896,2020-07-08,h00v00,102.0,226.0,,
138,29.781019,-95.431896,2020-07-09,h00v00,102.0,226.0,,
139,29.781019,-95.431896,2020-07-10,h00v00,102.0,226.0,0.2545,307.5869
140,29.781019,-95.431896,2020-07-11,h00v00,102.0,226.0,,
141,29.781019,-95.431896,2020-07-12,h00v00,102.0,226.0,,
142,29.781019,-95.431896,2020-07-13,h00v00,102.0,226.0,0.2381,308.5705
143,29.781019,-95.431896,2020-07-14,h00v00,102.0,226.0,,
144,29.781019,-95.431896,2020-07-15,h00v00,102.0,226.0,0.2424,308.498
145,29.781019,-95.431896,2020-07-16,h00v00,102.0,226.0,,
146,29.781019,-95.431896,2020-07-17,h00v00,102.0,226.0,,
147,29.781019,-95.431896,2020-07-18,h00v00,102.0,226.0,0.2923,306.98900000000003
148,29.781019,-95.431896,2020-07-19,h00v00,102.0,226.0,,
149,29.781019,-95.431896,2020-07-20,h00v00,102.0,226.0,,
150,29.781038,-95.430862,2020-05-31,h00v00,102.0,226.0,0.33299999999999996,303.782
151,29.781038,-95.430862,2020-06-01,h00v00,102.0,226.0,,
152,29.781038,-95.430862,2020-06-02,h00v00,102.0,226.0,,
153,29.781038,-95.430862,2020-06-03,h00v00,102.0,226.0,,
154,29.781038,-95.430862,2020-06-04,h00v00,102.0,226.0,,
155,29.781038,-95.430862,2020-06-05,h00v00,102.0,226.0,0.3332,304.545
156,29.781038,-95.430862,2020-06-06,h00v00,102.0,226.0,,
157,29.781038,-95.430862,2020-06-07,h00v00,102.0,226.0,,
158,29.781038,-95.430862,2020-06-08,h00v00,102.0,226.0,0.2874,305.5561
159,29.781038,-95.430862,2020-06-09,h00v00,102.0,226.0,,
160,29.781038,-95.430862,2020-06-10,h00v00,102.0,226.0,,
161,29.781038,-95.430862,2020-06-11,h00v00,102.0,226.0,0.2775,303.8879
162,29.781038,-95.430862,2020-06-12,h00v00,102.0,226.0,,
163,29.781038,-95.430862,2020-06-13,h00v00,102.0,226.0,,
164,29.781038,-95.430862,2020-06-14,h00v00,102.0,226.0,,
165,29.781038,-95.430862,2020-06-15,h00v00,102.0,226.0,,
166,29.781038,-95.430862,2020-06-16,h00v00,102.0,226.0,0.2287,304.8213
167,29.781038,-95.430862,2020-06-18,h00v00,102.0,226.0,,
168,29.781038,-95.430862,2020-06-19,h00v00,102.0,226.0,0.2406,305.1255
169,29.781038,-95.430862,2020-06-20,h00v00,102.0,226.0,,
170,29.781038,-95.430862,2020-06-21,h00v00,102.0,226.0,0.324,305.4745
171,29.781038,-95.430862,2020-06-22,h00v00,102.0,226.0,,
172,29.781038,-95.430862,2020-06-23,h00v00,102.0,226.0,,
173,29.781038,-95.430862,2020-06-24,h00v00,102.0,226.0,0.4791,305.7582
174,29.781038,-95.430862,2020-06-25,h00v00,102.0,226.0,,
175,29.781038,-95.430862,2020-06-26,h00v00,102.0,226.0,,
176,29.781038,-95.430862,2020-06-27,h00v00,102.0,226.0,0.4001,305.3903
177,29.781038,-95.430862,2020-06-28,h00v00,102.0,226.0,,
178,29.781038,-95.430862,2020-06-29,h00v00,102.0,226.0,0.354,305.9704
179,29.781038,-95.430862,2020-06-30,h00v00,102.0,226.0,,
180,29.781038,-95.430862,2020-07-01,h00v00,102.0,226.0,,
181,29.781038,-95.430862,2020-07-02,h00v00,102.0,226.0,0.2859,307.0321
182,29.781038,-95.430862,2020-07-03,h00v00,102.0,226.0,,
183,29.781038,-95.430862,2020-07-04,h00v00,102.0,226.0,,
184,29.781038,-95.430862,2020-07-05,h00v00,102.0,226.0,0.2829,307.3134
185,29.781038,-95.430862,2020-07-06,h00v00,102.0,226.0,,
186,29.781038,-95.430862,2020-07-07,h00v00,102.0,226.0,0.2536,307.0024
187,29.781038,-95.430862,2020-07-08,h00v00,102.0,226.0,,
188,29.781038,-95.430862,2020-07-09,h00v00,102.0,226.0,,
189,29.781038,-95.430862,2020-07-10,h00v00,102.0,226.0,0.2545,307.5869
190,29.781038,-95.430862,2020-07-11,h00v00,102.0,226.0,,
191,29.781038,-95.430862,2020-07-12,h00v00,102.0,226.0,,
192,29.781038,-95.430862,2020-07-13,h00v00,102.0,226.0,0.2381,308.5705
193,29.781038,-95.430862,2020-07-14,h00v00,102.0,226.0,,
194,29.781038,-95.430862,2020-07-15,h00v00,102.0,226.0,0.2424,308.498
195,29.781038,-95.430862,2020-07-16,h00v00,102.0,226.0,,
196,29.781038,-95.430862,2020-07-17,h00v00,102.0,226.0,,
197,29.781038,-95.430862,2020-07-18,h00v00,102.0,226.0,0.2923,306.98900000000003
198,29.781038,-95.430862,2020-07-19,h00v00,102.0,226.0,,
199,29.781038,-95.430862,2020-07-20,h00v00,102.0,226.0,,
200,29.781057,-95.429829,2020-05-31,h00v00,102.0,226.0,0.33299999999999996,303.782
201,29.781057,-95.429829,2020-06-01,h00v00,102.0,226.0,,
202,29.781057,-95.429829,2020-06-02,h00v00,102.0,226.0,,
203,29.781057,-95.429829,2020-06-03,h00v00,102.0,226.0,,
204,29.781057,-95.429829,2020-06-04,h00v00,102.0,226.0,,
205,29.781057,-95.429829,2020-06-05,h00v00,102.0,226.0,0.3332,304.545
206,29.781057,-95.429829,2020-06-06,h00v00,102.0,226.0,,
207,29.781057,-95.429829,2020-06-07,h00v00,102.0,226.0,,
208,29.781057,-95.429829,2020-06-08,h00v00,102.0,226.0,0.2874,305.5561
209,29.781057,-95.429829,2020-06-09,h00v00,102.0,226.0,,
210,29.781057,-95.429829,2020-06-10,h00v00,102.0,226.0,,
211,29.781057,-95.429829,2020-06-11,h00v00,102.0,226.0,0.2775,303.8879
212,29.781057,-95.429829,2020-06-12,h00v00,102.0,226.0,,
213,29.781057,-95.429829,2020-06-13,h00v00,102.0,226.0,,
214,29.781057,-95.429829,2020-06-14,h00v00,102.0,226.0,,
215,29.781057,-95.429829,2020-06-15,h00v00,102.0,226.0,,
216,29.781057,-95.429829,2020-06-16,h00v00,102.0,226.0,0.2287,304.8213
217,29.781057,-95.429829,2020-06-18,h00v00,102.0,226.0,,
218,29.781057,-95.429829,2020-06-19,h00v00,102.0,226.0,0.2406,305.1255
219,29.781057,-95.429829,2020-06-20,h00v00,102.0,226.0,,
220,29.781057,-95.429829,2020-06-21,h00v00,102.0,226.0,0.324,305.4745
221,29.781057,-95.429829,2020-06-22,h00v00,102.0,226.0,,
222,29.781057,-95.429829,2020-06-23,h00v00,102.0,226.0,,
223,29.781057,-95.429829,2020-06-24,h00v00,102.0,226.0,0.4791,305.7582
224,29.781057,-95.429829,2020-06-25,h00v00,102.0,226.0,,
225,29.781057,-95.429829,2020-06-26,h00v00,102.0,226.0,,
226,29.781057,-95.429829,2020-06-27,h00v00,102.0,226.0,0.4001,305.3903
227,29.781057,-95.429829,2020-06-28,h00v00,102.0,226.0,,
228,29.781057,-95.429829,2020-06-29,h00v00,102.0,226.0,0.354,305.9704
229,29.781057,-95.429829,2020-06-30,h00v00,102.0,226.0,,
230,29.781057,-95.429829,2020-07-01,h00v00,102.0,226.0,,
231,29.781057,-95.429829,2020-07-02,h00v00,102.0,226.0,0.2859,307.0321
232,29.781057,-95.429829,2020-07-03,h00v00,102.0,226.0,,
233,29.781057,-95.429829,2020-07-04,h00v00,102.0,226.0,,
234,29.781057,-95.429829,2020-07-05,h00v00,102.0,226.0,0.2829,307.3134
235,29.781057,-95.429829,2020-07-06,h00v00,102.0,226.0,,
236,29.781057,-95.429829,2020-07-07,h00v00,102.0,226.0,0.2536,307.0024
237,29.781057,-95.429829,2020-07-08,h00v00,102.0,226.0,,
238,29.781057,-95.429829,2020-07-09,h00v00,102.0,226.0,,
239,29.781057,-95.429829,2020-07-10,h00v00,102.0,226.0,0.2545,307.5869
240,29.781057,-95.429829,2020-07-11,h00v00,102.0,226.0,,
241,29.781057,-95.429829,2020-07-12,h00v00,102.0,226.0,,
242,29.781057,-95.429829,2020-07-13,h00v00,102.0,226.0,0.2381,308.5705
243,29.781057,-95.429829,2020-07-14,h00v00,102.0,226.0,,
244,29.781057,-95.429829,2020-07-15,h00v00,102.0,226.0,0.2424,308.498
245,29.781057,-95.429829,2020-07-16,h00v00,102.0,226.0,,
246,29.781057,-95.429829,2020-07-17,h00v00,102.0,226.0,,
247,29.781057,-95.429829,2020-07-18,h00v00,102.0,226.0,0.2923,306.98900000000003
248,29.781057,-95.429829,2020-07-19,h00v00,102.0,226.0,,
249,29.781057,-95.429829,2020-07-20,h00v00,102.0,226.0,,
250,29.781076000000002,-95.428795,2020-05-31,h00v00,102.0,226.0,0.33299999999999996,303.782
251,29.781076000000002,-95.428795,2020-06-01,h00v00,102.0,226.0,,
252,29.781076000000002,-95.428795,2020-06-02,h00v00,102.0,226.0,,
253,29.781076000000002,-95.428795,2020-06-03,h00v00,102.0,226.0,,
254,29.781076000000002,-95.428795,2020-06-04,h00v00,102.0,226.0,,
255,29.781076000000002,-95.428795,2020-06-05,h00v00,102.0,226.0,0.3332,304.545
256,29.781076000000002,-95.428795,2020-06-06,h00v00,102.0,226.0,,
257,29.781076000000002,-95.428795,2020-06-07,h00v00,102.0,226.0,,
258,29.781076000000002,-95.428795,2020-06-08,h00v00,102.0,226.0,0.2874,305.5561
259,29.781076000000002,-95.428795,2020-06-09,h00v00,102.0,226.0,,
260,29.781076000000002,-95.428795,2020-06-10,h00v00,102.0,226.0,,
261,29.781076000000002,-95.428795,2020-06-11,h00v00,102.0,226.0,0.2775,303.8879
262,29.781076000000002,-95.428795,2020-06-12,h00v00,102.0,226.0,,
263,29.781076000000002,-95.428795,2020-06-13,h00v00,102.0,226.0,,
264,29.781076000000002,-95.428795,2020-06-14,h00v00,102.0,226.0,,
265,29.781076000000002,-95.428795,2020-06-15,h00v00,102.0,226.0,,
266,29.781076000000002,-95.428795,2020-06-16,h00v00,102.0,226.0,0.2287,304.8213
267,29.781076000000002,-95.428795,2020-06-18,h00v00,102.0,226.0,,
268,29.781076000000002,-95.428795,2020-06-19,h00v00,102.0,226.0,0.2406,305.1255
269,29.781076000000002,-95.428795,2020-06-20,h00v00,102.0,226.0,,
270,29.781076000000002,-95.428795,2020-06-21,h00v00,102.0,226.0,0.324,305.4745
271,29.781076000000002,-95.428795,2020-06-22,h00v00,102.0,226.0,,
272,29.781076000000002,-95.428795,2020-06-23,h00v00,102.0,226.0,,
273,29.781076000000002,-95.428795,2020-06-24,h00v00,102.0,226.0,0.4791,305.7582
274,29.781076000000002,-95.428795,2020-06-25,h00v00,102.0,226.0,,
275,29.781076000000002,-95.428795,2020-06-26,h00v00,102.0,226.0,,
276,29.781076000000002,-95.428795,2020-06-27,h00v00,102.0,226.0,0.4001,305.3903
277,29.781076000000002,-95.428795,2020-06-28,h00v00,102.0,226.0,,
278,29.781076000000002,-95.428795,2020-06-29,h00v00,102.0,226.0,0.354,305.9704
279,29.781076000000002,-95.428795,2020-06-30,h00v00,102.0,226.0,,
280,29.781076000000002,-95.428795,2020-07-01,h00v00,102.0,226.0,,
281,29.781076000000002,-95.428795,2020-07-02,h00v00,102.0,226.0,0.2859,307.0321
282,29.781076000000002,-95.428795,2020-07-03,h00v00,102.0,226.0,,
283,29.781076000000002,-95.428795,2020-07-04,h00v00,102.0,226.0,,
284,29.781076000000002,-95.428795,2020-07-05,h00v00,102.0,226.0,0.2829,307.3134
285,29.781076000000002,-95.428795,2020-07-06,h00v00,102.0,226.0,,
286,29.781076000000002,-95.428795,2020-07-07,h00v00,102.0,226.0,0.2536,307.0024
287,29.781076000000002,-95.428795,2020-07-08,h00v00,102.0,226.0,,
288,29.781076000000002,-95.428795,2020-07-09,h00v00,102.0,226.0,,
289,29.781076000000002,-95.428795,2020-07-10,h00v00,102.0,226.0,0.2545,307.5869
290,29.781076000000002,-95.428795,2020-07-11,h00v00,102.0,226.0,,
291,29.781076000000002,-95.428795,2020-07-12,h00v00,102.0,226.0,,
292,29.781076000000002,-95.428795,2020-07-13,h00v00,102.0,226.0,0.2381,308.5705
293,29.781076000000002,-95.428795,2020-07-14,h00v00,102.0,226.0,,
294,29.781076000000002,-95.428795,2020-07-15,h00v00,102.0,226.0,0.2424,308.498
295,29.781076000000002,-95.428795,2020-07-16,h00v00,102.0,226.0,,
296,29.781076000000002,-95.428795,2020-07-17,h00v00,102.0,226.0,,
297,29.781076000000002,-95.428795,2020-07-18,h00v00,102.0,226.0,0.2923,306.98900000000003
298,29.781076000000002,-95.428795,2020-07-19,h00v00,102.0,226.0,,
299,29.781076000000002,-95.428795,2020-07-20,h00v00,102.0,226.0,,
300,30.301337,-97.888287,2020-05-31,h00v00,100.0,219.0,0.20800000000000002,302.416
301,30.301337,-97.888287,2020-06-01,h00v00,100.0,219.0,,
302,30.301337,-97.888287,2020-06-02,h00v00,100.0,219.0,,
303,30.301337,-97.888287,2020-06-03,h00v00,100.0,219.0,,
304,30.301337,-97.888287,2020-06-04,h00v00,100.0,219.0,,
305,30.301337,-97.888287,2020-06-05,h00v00,100.0,219.0,,
306,30.301337,-97.888287,2020-06-06,h00v00,100.0,219.0,0.1739,304.0581
307,30.301337,-97.888287,2020-06-07,h00v00,100.0,219.0,,
308,30.301337,-97.888287,2020-06-08,h00v00,100.0,219.0,0.1845,305.4909
309,30.301337,-97.888287,2020-06-09,h00v00,100.0,219.0,,
310,30.301337,-97.888287,2020-06-10,h00v00,100.0,219.0,,
311,30.301337,-97.888287,2020-06-11,h00v00,100.0,219.0,0.1677,303.8368
312,30.301337,-97.888287,2020-06-12,h00v00,100.0,219.0,,
313,30.301337,-97.888287,2020-06-13,h00v00,100.0,219.0,,
314,30.301337,-97.888287,2020-06-14,h00v00,100.0,219.0,0.1666,303.6837
315,30.301337,-97.888287,2020-06-15,h00v00,100.0,219.0,,
316,30.301337,-97.888287,2020-06-16,h00v00,100.0,219.0,0.1574,304.8924
317,30.301337,-97.888287,2020-06-18,h00v00,100.0,219.0,,
318,30.301337,-97.888287,2020-06-19,h00v00,100.0,219.0,0.1486,305.1972
319,30.301337,-97.888287,2020-06-20,h00v00,100.0,219.0,,
320,30.301337,-97.888287,2020-06-21,h00v00,100.0,219.0,,
321,30.301337,-97.888287,2020-06-22,h00v00,100.0,219.0,0.1748,305.9623
322,30.301337,-97.888287,2020-06-23,h00v00,100.0,219.0,,
323,30.301337,-97.888287,2020-06-24,h00v00,100.0,219.0,0.2255,304.4119
324,30.301337,-97.888287,2020-06-25,h00v00,100.0,219.0,,
325,30.301337,-97.888287,2020-06-26,h00v00,100.0,219.0,,
326,30.301337,-97.888287,2020-06-27,h00v00,100.0,219.0,0.2161,305.0831
327,30.301337,-97.888287,2020-06-28,h00v00,100.0,219.0,,
328,30.301337,-97.888287,2020-06-29,h00v00,100.0,219.0,,
329,30.301337,-97.888287,2020-06-30,h00v00,100.0,219.0,0.2032,305.5251
330,30.301337,-97.888287,2020-07-01,h00v00,100.0,219.0,,
331,30.301337,-97.888287,2020-07-02,h00v00,100.0,219.0,0.1793,306.2325
332,30.301337,-97.888287,2020-07-03,h00v00,100.0,219.0,,
333,30.301337,-97.888287,2020-07-04,h00v00,100.0,219.0,,
334,30.301337,-97.888287,2020-07-05,h00v00,100.0,219.0,0.1611,307.303
335,30.301337,-97.888287,2020-07-06,h00v00,100.0,219.0,,
336,30.301337,-97.888287,2020-07-07,h00v00,100.0,219.0,,
337,30.301337,-97.888287,2020-07-08,h00v00,100.0,219.0,0.1765,307.3331
338,30.301337,-97.888287,2020-07-09,h00v00,100.0,219.0,,
339,30.301337,-97.888287,2020-07-10,h00v00,100.0,219.0,0.1599,307.4949
340,30.301337,-97.888287,2020-07-11,h00v00,100.0,219.0,,
341,30.301337,-97.888287,2020-07-12,h00v00,100.0,219.0,,
342,30.301337,-97.888287,2020-07-13,h00v00,100.0,219.0,0.1559,308.8399
343,30.301337,-97.888287,2020-07-14,h00v00,100.0,219.0,,
344,30.301337,-97.888287,2020-07-15,h00v00,100.0,219.0,,
345,30.301337,-97.888287,2020-07-16,h00v00,100.0,219.0,0.1566,308.0497
346,30.301337,-97.888287,2020-07-17,h00v00,100.0,219.0,,
347,30.301337,-97.888287,2020-07-18,h00v00,100.0,219.0,0.1583,308.3184
348,30.301337,-97.888287,2020-07-19,h00v00,100.0,219.0,,
349,30.301337,-97.888287,2020-07-20,h00v00,100.0,219.0,,
350,30.3646,-97.900059,2020-05-31,h00v00,100.0,219.0,0.20800000000000002,302.416
351,30.3646,-97.900059,2020-06-01,h00v00,100.0,219.0,,
352,30.3646,-97.900059,2020-06-02,h00v00,100.0,219.0,,
353,30.3646,-97.900059,2020-06-03,h00v00,100.0,219.0,,
354,30.3646,-97.900059,2020-06-04,h00v00,100.0,219.0,,
355,30.3646,-97.900059,2020-06-05,h00v00,100.0,219.0,,
356,30.3646,-97.900059,2020-06-06,h00v00,100.0,219.0,0.1739,304.0581
357,30.3646,-97.900059,2020-06-07,h00v00,100.0,219.0,,
358,30.3646,-97.900059,2020-06-08,h00v00,100.0,219.0,0.1845,305.4909
359,30.3646,-97.900059,2020-06-09,h00v00,100.0,219.0,,
360,30.3646,-97.900059,2020-06-10,h00v00,100.0,219.0,,
361,30.3646,-97.900059,2020-06-11,h00v00,100.0,219.0,0.1677,303.8368
362,30.3646,-97.900059,2020-06-12,h00v00,100.0,219.0,,
363,30.3646,-97.900059,2020-06-13,h00v00,100.0,219.0,,
364,30.3646,-97.900059,2020-06-14,h00v00,100.0,219.0,0.1666,303.6837
365,30.3646,-97.900059,2020-06-15,h00v00,100.0,219.0,,
366,30.3646,-97.900059,2020-06-16,h00v00,100.0,219.0,0.1574,304.8924
367,30.3646,-97.900059,2020-06-18,h00v00,100.0,219.0,,
368,30.3646,-97.900059,2020-06-19,h00v00,100.0,219.0,0.1486,305.1972
369,30.3646,-97.900059,2020-06-20,h00v00,100.0,219.0,,
370,30.3646,-97.900059,2020-06-21,h00v00,100.0,219.0,,
371,30.3646,-97.900059,2020-06-22,h00v00,100.0,219.0,0.1748,305.9623
372,30.3646,-97.900059,2020-06-23,h00v00,100.0,219.0,,
373,30.3646,-97.900059,2020-06-24,h00v00,100.0,219.0,0.2255,304.4119
374,30.3646,-97.900059,2020-06-25,h00v00,100.0,219.0,,
375,30.3646,-97.900059,2020-06-26,h00v00,100.0,219.0,,
376,30.3646,-97.900059,2020-06-27,h00v00,100.0,219.0,0.2161,305.0831
377,30.3646,-97.900059,2020-06-28,h00v00,100.0,219.0,,
378,30.3646,-97.900059,2020-06-29,h00v00,100.0,219.0,,
379,30.3646,-97.900059,2020-06-30,h00v00,100.0,219.0,0.2032,305.5251
380,30.3646,-97.900059,2020-07-01,h00v00,100.0,219.0,,
381,30.3646,-97.900059,2020-07-02,h00v00,100.0,219.0,0.1793,306.2325
382,30.3646,-97.900059,2020-07-03,h00v00,100.0,219.0,,
383,30.3646,-97.900059,2020-07-04,h00v00,100.0,219.0,,
384,30.3646,-97.900059,2020-07-05,h00v00,100.0,219.0,0.1611,307.303
385,30.3646,-97.900059,2020-07-06,h00v00,100.0,219.0,,
386,30.3646,-97.900059,2020-07-07,h00v00,100.0,219.0,,
387,30.3646,-97.900059,2020-07-08,h00v00,100.0,219.0,0.1765,307.3331
388,30.3646,-97.900059,2020-07-09,h00v00,100.0,219.0,,
389,30.3646,-97.900059,2020-07-10,h00v00,100.0,219.0,0.1599,307.4949
390,30.3646,-97.900059,2020-07-11,h00v00,100.0,219.0,,
391,30.3646,-97.900059,2020-07-12,h00v00,100.0,219.0,,
392,30.3646,-97.900059,2020-07-13,h00v00,100.0,219.0,0.1559,308.8399
393,30.3646,-97.900059,2020-07-14,h00v00,100.0,219.0,,
394,30.3646,-97.900059,2020-07-15,h00v00,100.0,219.0,,
395,30.3646,-97.900059,2020-07-16,h00v00,100.0,219.0,0.1566,308.0497
396,30.3646,-97.900059,2020-07-17,h00v00,100.0,219.0,,
397,30.3646,-97.900059,2020-07-18,h00v00,100.0,219.0,0.1583,308.3184
398,30.3646,-97.900059,2020-07-19,h00v00,100.0,219.0,,
399,30.3646,-97.900059,2020-07-20,h00v00,100.0,219.0,,
400,33.094165000000004,-96.73911600000001,2020-05-31,h00v00,92.0,222.0,0.3306,300.3289
401,33.094165000000004,-96.73911600000001,2020-06-01,h00v00,92.0,222.0,,
402,33.094165000000004,-96.73911600000001,2020-06-02,h00v00,92.0,222.0,,
403,33.094165000000004,-96.73911600000001,2020-06-03,h00v00,92.0,222.0,,
404,33.094165000000004,-96.73911600000001,2020-06-04,h00v00,92.0,222.0,,
405,33.094165000000004,-96.73911600000001,2020-06-05,h00v00,92.0,222.0,0.2901,303.6563
406,33.094165000000004,-96.73911600000001,2020-06-06,h00v00,92.0,222.0,0.28800000000000003,303.5786
407,33.094165000000004,-96.73911600000001,2020-06-07,h00v00,92.0,222.0,,
408,33.094165000000004,-96.73911600000001,2020-06-08,h00v00,92.0,222.0,0.2838,304.3737
409,33.094165000000004,-96.73911600000001,2020-06-09,h00v00,92.0,222.0,,
410,33.094165000000004,-96.73911600000001,2020-06-10,h00v00,92.0,222.0,,
411,33.094165000000004,-96.73911600000001,2020-06-11,h00v00,92.0,222.0,0.2728,301.4967
412,33.094165000000004,-96.73911600000001,2020-06-12,h00v00,92.0,222.0,,
413,33.094165000000004,-96.73911600000001,2020-06-13,h00v00,92.0,222.0,,
414,33.094165000000004,-96.73911600000001,2020-06-14,h00v00,92.0,222.0,0.2798,302.6191
415,33.094165000000004,-96.73911600000001,2020-06-15,h00v00,92.0,222.0,,
416,33.094165000000004,-96.73911600000001,2020-06-16,h00v00,92.0,222.0,0.2766,303.7325
417,33.094165000000004,-96.73911600000001,2020-06-18,h00v00,92.0,222.0,,
418,33.094165000000004,-96.73911600000001,2020-06-19,h00v00,92.0,222.0,0.2637,304.1647
419,33.094165000000004,-96.73911600000001,2020-06-20,h00v00,92.0,222.0,,
420,33.094165000000004,-96.73911600000001,2020-06-21,h00v00,92.0,222.0,0.3487,304.4362
421,33.094165000000004,-96.73911600000001,2020-06-22,h00v00,92.0,222.0,0.4743,304.4135
422,33.094165000000004,-96.73911600000001,2020-06-23,h00v00,92.0,222.0,,
423,33.094165000000004,-96.73911600000001,2020-06-24,h00v00,92.0,222.0,0.4156,303.3822
424,33.094165000000004,-96.73911600000001,2020-06-25,h00v00,92.0,222.0,,
425,33.094165000000004,-96.73911600000001,2020-06-26,h00v00,92.0,222.0,,
426,33.094165000000004,-96.73911600000001,2020-06-27,h00v00,92.0,222.0,0.3632,304.6187
427,33.094165000000004,-96.73911600000001,2020-06-28,h00v00,92.0,222.0,,
428,33.094165000000004,-96.73911600000001,2020-06-29,h00v00,92.0,222.0,,
429,33.094165000000004,-96.73911600000001,2020-06-30,h00v00,92.0,222.0,0.3168,305.1833
430,33.094165000000004,-96.73911600000001,2020-07-01,h00v00,92.0,222.0,,
431,33.094165000000004,-96.73911600000001,2020-07-02,h00v00,92.0,222.0,0.2989,306.0553
432,33.094165000000004,-96.73911600000001,2020-07-03,h00v00,92.0,222.0,,
433,33.094165000000004,-96.73911600000001,2020-07-04,h00v00,92.0,222.0,,
434,33.094165000000004,-96.73911600000001,2020-07-05,h00v00,92.0,222.0,0.3009,306.6367
435,33.094165000000004,-96.73911600000001,2020-07-06,h00v00,92.0,222.0,,
436,33.094165000000004,-96.73911600000001,2020-07-07,h00v00,92.0,222.0,,
437,33.094165000000004,-96.73911600000001,2020-07-08,h00v00,92.0,222.0,0.3254,306.075
438,33.094165000000004,-96.73911600000001,2020-07-09,h00v00,92.0,222.0,,
439,33.094165000000004,-96.73911600000001,2020-07-10,h00v00,92.0,222.0,0.3014,306.6866
440,33.094165000000004,-96.73911600000001,2020-07-11,h00v00,92.0,222.0,,
441,33.094165000000004,-96.73911600000001,2020-07-12,h00v00,92.0,222.0,,
442,33.094165000000004,-96.73911600000001,2020-07-13,h00v00,92.0,222.0,0.2843,307.8712
443,33.094165000000004,-96.73911600000001,2020-07-14,h00v00,92.0,222.0,,
444,33.094165000000004,-96.73911600000001,2020-07-15,h00v00,92.0,222.0,,
445,33.094165000000004,-96.73911600000001,2020-07-16,h00v00,92.0,222.0,0.2769,306.79900000000004
446,33.094165000000004,-96.73911600000001,2020-07-17,h00v00,92.0,222.0,,
447,33.094165000000004,-96.73911600000001,2020-07-18,h00v00,92.0,222.0,0.2805,307.0802
448,33.094165000000004,-96.73911600000001,2020-07-19,h00v00,92.0,222.0,,
449,33.094165000000004,-96.73911600000001,2020-07-20,h00v00,92.0,222.0,,
450,33.097771,-96.739024,2020-05-31,h00v00,92.0,222.0,0.3306,300.3289
451,33.097771,-96.739024,2020-06-01,h00v00,92.0,222.0,,
452,33.097771,-96.739024,2020-06-02,h00v00,92.0,222.0,,
453,33.097771,-96.739024,2020-06-03,h00v00,92.0,222.0,,
454,33.097771,-96.739024,2020-06-04,h00v00,92.0,222.0,,
455,33.097771,-96.739024,2020-06-05,h00v00,92.0,222.0,0.2901,303.6563
456,33.097771,-96.739024,2020-06-06,h00v00,92.0,222.0,0.28800000000000003,303.5786
457,33.097771,-96.739024,2020-06-07,h00v00,92.0,222.0,,
458,33.097771,-96.739024,2020-06-08,h00v00,92.0,222.0,0.2838,304.3737
459,33.097771,-96.739024,2020-06-09,h00v00,92.0,222.0,,
460,33.097771,-96.739024,2020-06-10,h00v00,92.0,222.0,,
461,33.097771,-96.739024,2020-06-11,h00v00,92.0,222.0,0.2728,301.4967
462,33.097771,-96.739024,2020-06-12,h00v00,92.0,222.0,,
463,33.097771,-96.739024,2020-06-13,h00v00,92.0,222.0,,
464,33.097771,-96.739024,2020-06-14,h00v00,92.0,222.0,0.2798,302.6191
465,33.097771,-96.739024,2020-06-15,h00v00,92.0,222.0,,
466,33.097771,-96.739024,2020-06-16,h00v00,92.0,222.0,0.2766,303.7325
467,33.097771,-96.739024,2020-06-18,h00v00,92.0,222.0,,
468,33.097771,-96.739024,2020-06-19,h00v00,92.0,222.0,0.2637,304.1647
469,33.097771,-96.739024,2020-06-20,h00v00,92.0,222.0,,
470,33.097771,-96.739024,2020-06-21,h00v00,92.0,222.0,0.3487,304.4362
471,33.097771,-96.739024,2020-06-22,h00v00,92.0,222.0,0.4743,304.4135
472,33.097771,-96.739024,2020-06-23,h00v00,92.0,222.0,,
473,33.097771,-96.739024,2020-06-24,h00v00,92.0,222.0,0.4156,303.3822
474,33.097771,-96.739024,2020-06-25,h00v00,92.0,222.0,,
475,33.097771,-96.739024,2020-06-26,h00v00,92.0,222.0,,
476,33.097771,-96.739024,2020-06-27,h00v00,92.0,222.0,0.3632,304.6187
477,33.097771,-96.739024,2020-06-28,h00v00,92.0,222.0,,
478,33.097771,-96.739024,2020-06-29,h00v00,92.0,222.0,,
479,33.097771,-96.739024,2020-06-30,h00v00,92.0,222.0,0.3168,305.1833
480,33.097771,-96.739024,2020-07-01,h00v00,92.0,222.0,,
481,33.097771,-96.739024,2020-07-02,h00v00,92.0,222.0,0.2989,306.0553
482,33.097771,-96.739024,2020-07-03,h00v00,92.0,222.0,,
483,33.097771,-96.739024,2020-07-04,h00v00,92.0,222.0,,
484,33.097771,-96.739024,2020-07-05,h00v00,92.0,222.0,0.3009,306.6367
485,33.097771,-96.739024,2020-07-06,h00v00,92.0,222.0,,
486,33.097771,-96.739024,2020-07-07,h00v00,92.0,222.0,,
487,33.097771,-96.739024,2020-07-08,h00v00,92.0,222.0,0.3254,306.075
488,33.097771,-96.739024,2020-07-09,h00v00,92.0,222.0,,
489,33.097771,-96.739024,2020-07-10,h00v00,92.0,222.0,0.3014,306.6866
490,33.097771,-96.739024,2020-07-11,h00v00,92.0,222.0,,
491,33.097771,-96.739024,2020-07-12,h00v00,92.0,222.0,,
492,33.097771,-96.739024,2020-07-13,h00v00,92.0,222.0,0.2843,307.8712
493,33.097771,-96.739024,2020-07-14,h00v00,92.0,222.0,,
494,33.097771,-96.739024,2020-07-15,h00v00,92.0,222.0,,
495,33.097771,-96.739024,2020-07-16,h00v00,92.0,222.0,0.2769,306.79900000000004
496,33.097771,-96.739024,2020-07-17,h00v00,92.0,222.0,,
497,33.097771,-96.739024,2020-07-18,h00v00,92.0,222.0,0.2805,307.0802
498,33.097771,-96.739024,2020-07-19,h00v00,92.0,222.0,,
499,33.097771,-96.739024,2020-07-20,h00v00,92.0,222.0,,
500,39.05973,-77.243321,2020-05-31,h00v00,74.0,275.0,,
501,39.05973,-77.243321,2020-06-01,h00v00,74.0,275.0,0.23199999999999998,294.505
502,39.05973,-77.243321,2020-06-02,h00v00,74.0,275.0,,
503,39.05973,-77.243321,2020-06-03,h00v00,74.0,275.0,0.1992,296.0478
504,39.05973,-77.243321,2020-06-04,h00v00,74.0,275.0,0.2043,298.7531
505,39.05973,-77.243321,2020-06-05,h00v00,74.0,275.0,,
506,39.05973,-77.243321,2020-06-06,h00v00,74.0,275.0,0.2901,299.4727
507,39.05973,-77.243321,2020-06-07,h00v00,74.0,275.0,0.3324,298.6886
508,39.05973,-77.243321,2020-06-08,h00v00,74.0,275.0,,
509,39.05973,-77.243321,2020-06-09,h00v00,74.0,275.0,0.2409,297.308
510,39.05973,-77.243321,2020-06-10,h00v00,74.0,275.0,,
511,39.05973,-77.243321,2020-06-11,h00v00,74.0,275.0,0.2353,299.83
512,39.05973,-77.243321,2020-06-12,h00v00,74.0,275.0,0.2864,299.7846
513,39.05973,-77.243321,2020-06-13,h00v00,74.0,275.0,,
514,39.05973,-77.243321,2020-06-14,h00v00,74.0,275.0,0.2674,297.3903
515,39.05973,-77.243321,2020-06-15,h00v00,74.0,275.0,0.2505,296.4701
516,39.05973,-77.243321,2020-06-16,h00v00,74.0,275.0,,
517,39.05973,-77.243321,2020-06-18,h00v00,74.0,275.0,,
518,39.05973,-77.243321,2020-06-19,h00v00,74.0,275.0,0.2306,297.844
519,39.05973,-77.243321,2020-06-20,h00v00,74.0,275.0,0.2623,298.7261
520,39.05973,-77.243321,2020-06-21,h00v00,74.0,275.0,,
521,39.05973,-77.243321,2020-06-22,h00v00,74.0,275.0,0.2498,299.4696
522,39.05973,-77.243321,2020-06-23,h00v00,74.0,275.0,0.2829,300.3859
523,39.05973,-77.243321,2020-06-24,h00v00,74.0,275.0,,
524,39.05973,-77.243321,2020-06-25,h00v00,74.0,275.0,0.2718,300.5396
525,39.05973,-77.243321,2020-06-26,h00v00,74.0,275.0,,
526,39.05973,-77.243321,2020-06-27,h00v00,74.0,275.0,0.2287,300.3904
527,39.05973,-77.243321,2020-06-28,h00v00,74.0,275.0,0.2634,301.0132
528,39.05973,-77.243321,2020-06-29,h00v00,74.0,275.0,,
529,39.05973,-77.243321,2020-06-30,h00v00,74.0,275.0,0.2317,301.2777
530,39.05973,-77.243321,2020-07-01,h00v00,74.0,275.0,0.2441,301.1104
531,39.05973,-77.243321,2020-07-02,h00v00,74.0,275.0,,
532,39.05973,-77.243321,2020-07-03,h00v00,74.0,275.0,0.2318,301.6085
533,39.05973,-77.243321,2020-07-04,h00v00,74.0,275.0,,
534,39.05973,-77.243321,2020-07-05,h00v00,74.0,275.0,,
535,39.05973,-77.243321,2020-07-06,h00v00,74.0,275.0,0.1995,303.2494
536,39.05973,-77.243321,2020-07-07,h00v00,74.0,275.0,,
537,39.05973,-77.243321,2020-07-08,h00v00,74.0,275.0,0.2212,303.0593
538,39.05973,-77.243321,2020-07-09,h00v00,74.0,275.0,,
539,39.05973,-77.243321,2020-07-10,h00v00,74.0,275.0,,
540,39.05973,-77.243321,2020-07-11,h00v00,74.0,275.0,0.1969,303.23900000000003
541,39.05973,-77.243321,2020-07-12,h00v00,74.0,275.0,,
542,39.05973,-77.243321,2020-07-13,h00v00,74.0,275.0,,
543,39.05973,-77.243321,2020-07-14,h00v00,74.0,275.0,0.2011,302.1764
544,39.05973,-77.243321,2020-07-15,h00v00,74.0,275.0,,
545,39.05973,-77.243321,2020-07-16,h00v00,74.0,275.0,0.183,302.8785
546,39.05973,-77.243321,2020-07-17,h00v00,74.0,275.0,,
547,39.05973,-77.243321,2020-07-18,h00v00,74.0,275.0,,
548,39.05973,-77.243321,2020-07-19,h00v00,74.0,275.0,0.1746,304.1992
549,39.05973,-77.243321,2020-07-20,h00v00,74.0,275.0,,
550,39.070378999999996,-77.251749,2020-05-31,h00v00,74.0,275.0,,
551,39.070378999999996,-77.251749,2020-06-01,h00v00,74.0,275.0,0.23199999999999998,294.505
552,39.070378999999996,-77.251749,2020-06-02,h00v00,74.0,275.0,,
553,39.070378999999996,-77.251749,2020-06-03,h00v00,74.0,275.0,0.1992,296.0478
554,39.070378999999996,-77.251749,2020-06-04,h00v00,74.0,275.0,0.2043,298.7531
555,39.070378999999996,-77.251749,2020-06-05,h00v00,74.0,275.0,,
556,39.070378999999996,-77.251749,2020-06-06,h00v00,74.0,275.0,0.2901,299.4727
557,39.070378999999996,-77.251749,2020-06-07,h00v00,74.0,275.0,0.3324,298.6886
558,39.070378999999996,-77.251749,2020-06-08,h00v00,74.0,275.0,,
559,39.070378999999996,-77.251749,2020-06-09,h00v00,74.0,275.0,0.2409,297.308
560,39.070378999999996,-77.251749,2020-06-10,h00v00,74.0,275.0,,
561,39.070378999999996,-77.251749,2020-06-11,h00v00,74.0,275.0,0.2353,299.83
562,39.070378999999996,-77.251749,2020-06-12,h00v00,74.0,275.0,0.2864,299.7846
563,39.070378999999996,-77.251749,2020-06-13,h00v00,74.0,275.0,,
564,39.070378999999996,-77.251749,2020-06-14,h00v00,74.0,275.0,0.2674,297.3903
565,39.070378999999996,-77.251749,2020-06-15,h00v00,74.0,275.0,0.2505,296.4701
566,39.070378999999996,-77.251749,2020-06-16,h00v00,74.0,275.0,,
567,39.070378999999996,-77.251749,2020-06-18,h00v00,74.0,275.0,,
568,39.070378999999996,-77.251749,2020-06-19,h00v00,74.0,275.0,0.2306,297.844
569,39.070378999999996,-77.251749,2020-06-20,h00v00,74.0,275.0,0.2623,298.7261
570,39.070378999999996,-77.251749,2020-06-21,h00v00,74.0,275.0,,
571,39.070378999999996,-77.251749,2020-06-22,h00v00,74.0,275.0,0.2498,299.4696
572,39.070378999999996,-77.251749,2020-06-23,h00v00,74.0,275.0,0.2829,300.3859
573,39.070378999999996,-77.251749,2020-06-24,h00v00,74.0,275.0,,
574,39.070378999999996,-77.251749,2020-06-25,h00v00,74.0,275.0,0.2718,300.5396
575,39.070378999999996,-77.251749,2020-06-26,h00v00,74.0,275.0,,
576,39.070378999999996,-77.251749,2020-06-27,h00v00,74.0,275.0,0.2287,300.3904
577,39.070378999999996,-77.251749,2020-06-28,h00v00,74.0,275.0,0.2634,301.0132
578,39.070378999999996,-77.251749,2020-06-29,h00v00,74.0,275.0,,
579,39.070378999999996,-77.251749,2020-06-30,h00v00,74.0,275.0,0.2317,301.2777
580,39.070378999999996,-77.251749,2020-07-01,h00v00,74.0,275.0,0.2441,301.1104
581,39.070378999999996,-77.251749,2020-07-02,h00v00,74.0,275.0,,
582,39.070378999999996,-77.251749,2020-07-03,h00v00,74.0,275.0,0.2318,301.6085
583,39.070378999999996,-77.251749,2020-07-04,h00v00,74.0,275.0,,
584,39.070378999999996,-77.251749,2020-07-05,h00v00,74.0,275.0,,
585,39.070378999999996,-77.251749,2020-07-06,h00v00,74.0,275.0,0.1995,303.2494
586,39.070378999999996,-77.251749,2020-07-07,h00v00,74.0,275.0,,
587,39.070378999999996,-77.251749,2020-07-08,h00v00,74.0,275.0,0.2212,303.0593
588,39.070378999999996,-77.251749,2020-07-09,h00v00,74.0,275.0,,
589,39.070378999999996,-77.251749,2020-07-10,h00v00,74.0,275.0,,
590,39.070378999999996,-77.251749,2020-07-11,h00v00,74.0,275.0,0.1969,303.23900000000003
591,39.070378999999996,-77.251749,2020-07-12,h00v00,74.0,275.0,,
592,39.070378999999996,-77.251749,2020-07-13,h00v00,74.0,275.0,,
593,39.070378999999996,-77.251749,2020-07-14,h00v00,74.0,275.0,0.2011,302.1764
594,39.070378999999996,-77.251749,2020-07-15,h00v00,74.0,275.0,,
595,39.070378999999996,-77.251749,2020-07-16,h00v00,74.0,275.0,0.183,302.8785
596,39.070378999999996,-77.251749,2020-07-17,h00v00,74.0,275.0,,
597,39.070378999999996,-77.251749,2020-07-18,h00v00,74.0,275.0,,
598,39.070378999999996,-77.251749,2020-07-19,h00v00,74.0,275.0,0.1746,304.1992
599,39.070378999999996,-77.251749,2020-07-20,h00v00,74.0,275.0,,
600,39.070469,-77.247129,2020-05-31,h00v00,74.0,275.0,,
601,39.070469,-77.247129,2020-06-01,h00v00,74.0,275.0,0.23199999999999998,294.505
602,39.070469,-77.247129,2020-06-02,h00v00,74.0,275.0,,
603,39.070469,-77.247129,2020-06-03,h00v00,74.0,275.0,0.1992,296.0478
604,39.070469,-77.247129,2020-06-04,h00v00,74.0,275.0,0.2043,298.7531
605,39.070469,-77.247129,2020-06-05,h00v00,74.0,275.0,,
606,39.070469,-77.247129,2020-06-06,h00v00,74.0,275.0,0.2901,299.4727
607,39.070469,-77.247129,2020-06-07,h00v00,74.0,275.0,0.3324,298.6886
608,39.070469,-77.247129,2020-06-08,h00v00,74.0,275.0,,
609,39.070469,-77.247129,2020-06-09,h00v00,74.0,275.0,0.2409,297.308
610,39.070469,-77.247129,2020-06-10,h00v00,74.0,275.0,,
611,39.070469,-77.247129,2020-06-11,h00v00,74.0,275.0,0.2353,299.83
612,39.070469,-77.247129,2020-06-12,h00v00,74.0,275.0,0.2864,299.7846
613,39.070469,-77.247129,2020-06-13,h00v00,74.0,275.0,,
614,39.070469,-77.247129,2020-06-14,h00v00,74.0,275.0,0.2674,297.3903
615,39.070469,-77.247129,2020-06-15,h00v00,74.0,275.0,0.2505,296.4701
616,39.070469,-77.247129,2020-06-16,h00v00,74.0,275.0,,
617,39.070469,-77.247129,2020-06-18,h00v00,74.0,275.0,,
618,39.070469,-77.247129,2020-06-19,h00v00,74.0,275.0,0.2306,297.844
619,39.070469,-77.247129,2020-06-20,h00v00,74.0,275.0,0.2623,298.7261
620,39.070469,-77.247129,2020-06-21,h00v00,74.0,275.0,,
621,39.070469,-77.247129,2020-06-22,h00v00,74.0,275.0,0.2498,299.4696
622,39.070469,-77.247129,2020-06-23,h00v00,74.0,275.0,0.2829,300.3859
623,39.070469,-77.247129,2020-06-24,h00v00,74.0,275.0,,
624,39.070469,-77.247129,2020-06-25,h00v00,74.0,275.0,0.2718,300.5396
625,39.070469,-77.247129,2020-06-26,h00v00,74.0,275.0,,
626,39.070469,-77.247129,2020-06-27,h00v00,74.0,275.0,0.2287,300.3904
627,39.070469,-77.247129,2020-06-28,h00v00,74.0,275.0,0.2634,301.0132
628,39.070469,-77.247129,2020-06-29,h00v00,74.0,275.0,,
629,39.070469,-77.247129,2020-06-30,h00v00,74.0,275.0,0.2317,301.2777
630,39.070469,-77.247129,2020-07-01,h00v00,74.0,275.0,0.2441,301.1104
631,39.070469,-77.247129,2020-07-02,h00v00,74.0,275.0,,
632,39.070469,-77.247129,2020-07-03,h00v00,74.0,275.0,0.2318,301.6085
633,39.070469,-77.247129,2020-07-04,h00v00,74.0,275.0,,
634,39.070469,-77.247129,2020-07-05,h00v00,74.0,275.0,,
635,39.070469,-77.247129,2020-07-06,h00v00,74.0,275.0,0.1995,303.2494
636,39.070469,-77.247129,2020-07-07,h00v00,74.0,275.0,,
637,39.070469,-77.247129,2020-07-08,h00v00,74.0,275.0,0.2212,303.0593
638,39.070469,-77.247129,2020-07-09,h00v00,74.0,275.0,,
639,39.070469,-77.247129,2020-07-10,h00v00,74.0,275.0,,
640,39.070469,-77.247129,2020-07-11,h00v00,74.0,275.0,0.1969,303.23900000000003
641,39.070469,-77.247129,2020-07-12,h00v00,74.0,275.0,,
642,39.070469,-77.247129,2020-07-13,h00v00,74.0,275.0,,
643,39.070469,-77.247129,2020-07-14,h00v00,74.0,275.0,0.2011,302.1764
644,39.070469,-77.247129,2020-07-15,h00v00,74.0,275.0,,
645,39.070469,-77.247129,2020-07-16,h00v00,74.0,275.0,0.183,302.8785
646,39.070469,-77.247129,2020-07-17,h00v00,74.0,275.0,,
647,39.070469,-77.247129,2020-07-18,h00v00,74.0,275.0,,
648,39.070469,-77.247129,2020-07-19,h00v00,74.0,275.0,0.1746,304.1992
649,39.070469,-77.247129,2020-07-20,h00v00,74.0,275.0,,
650,39.070491,-77.24597299999999,2020-05-31,h00v00,74.0,275.0,,
651,39.070491,-77.24597299999999,2020-06-01,h00v00,74.0,275.0,0.23199999999999998,294.505
652,39.070491,-77.24597299999999,2020-06-02,h00v00,74.0,275.0,,
653,39.070491,-77.24597299999999,2020-06-03,h00v00,74.0,275.0,0.1992,296.0478
654,39.070491,-77.24597299999999,2020-06-04,h00v00,74.0,275.0,0.2043,298.7531
655,39.070491,-77.24597299999999,2020-06-05,h00v00,74.0,275.0,,
656,39.070491,-77.24597299999999,2020-06-06,h00v00,74.0,275.0,0.2901,299.4727
657,39.070491,-77.24597299999999,2020-06-07,h00v00,74.0,275.0,0.3324,298.6886
658,39.070491,-77.24597299999999,2020-06-08,h00v00,74.0,275.0,,
659,39.070491,-77.24597299999999,2020-06-09,h00v00,74.0,275.0,0.2409,297.308
660,39.070491,-77.24597299999999,2020-06-10,h00v00,74.0,275.0,,
661,39.070491,-77.24597299999999,2020-06-11,h00v00,74.0,275.0,0.2353,299.83
662,39.070491,-77.24597299999999,2020-06-12,h00v00,74.0,275.0,0.2864,299.7846
663,39.070491,-77.24597299999999,2020-06-13,h00v00,74.0,275.0,,
664,39.070491,-77.24597299999999,2020-06-14,h00v00,74.0,275.0,0.2674,297.3903
665,39.070491,-77.24597299999999,2020-06-15,h00v00,74.0,275.0,0.2505,296.4701
666,39.070491,-77.24597299999999,2020-06-16,h00v00,74.0,275.0,,
667,39.070491,-77.24597299999999,2020-06-18,h00v00,74.0,275.0,,
668,39.070491,-77.24597299999999,2020-06-19,h00v00,74.0,275.0,0.2306,297.844
669,39.070491,-77.24597299999999,2020-06-20,h00v00,74.0,275.0,0.2623,298.7261
670,39.070491,-77.24597299999999,2020-06-21,h00v00,74.0,275.0,,
671,39.070491,-77.24597299999999,2020-06-22,h00v00,74.0,275.0,0.2498,299.4696
672,39.070491,-77.24597299999999,2020-06-23,h00v00,74.0,275.0,0.2829,300.3859
673,39.070491,-77.24597299999999,2020-06-24,h00v00,74.0,275.0,,
674,39.070491,-77.24597299999999,2020-06-25,h00v00,74.0,275.0,0.2718,300.5396
675,39.070491,-77.24597299999999,2020-06-26,h00v00,74.0,275.0,,
676,39.070491,-77.24597299999999,2020-06-27,h00v00,74.0,275.0,0.2287,300.3904
677,39.070491,-77.24597299999999,2020-06-28,h00v00,74.0,275.0,0.2634,301.0132
678,39.070491,-77.24597299999999,2020-06-29,h00v00,74.0,275.0,,
679,39.070491,-77.24597299999999,2020-06-30,h00v00,74.0,275.0,0.2317,301.2777
680,39.070491,-77.24597299999999,2020-07-01,h00v00,74.0,275.0,0.2441,301.1104
681,39.070491,-77.24597299999999,2020-07-02,h00v00,74.0,275.0,,
682,39.070491,-77.24597299999999,2020-07-03,h00v00,74.0,275.0,0.2318,301.6085
683,39.070491,-77.24597299999999,2020-07-04,h00v00,74.0,275.0,,
684,39.070491,-77.24597299999999,2020-07-05,h00v00,74.0,275.0,,
685,39.070491,-77.24597299999999,2020-07-06,h00v00,74.0,275.0,0.1995,303.2494
686,39.070491,-77.24597299999999,2020-07-07,h00v00,74.0,275.0,,
687,39.070491,-77.24597299999999,2020-07-08,h00v00,74.0,275.0,0.2212,303.0593
688,39.070491,-77.24597299999999,2020-07-09,h00v00,74.0,275.0,,
689,39.070491,-77.24597299999999,2020-07-10,h00v00,74.0,275.0,,
690,39.070491,-77.24597299999999,2020-07-11,h00v00,74.0,275.0,0.1969,303.23900000000003
691,39.070491,-77.24597299999999,2020-07-12,h00v00,74.0,275.0,,
692,39.070491,-77.24597299999999,2020-07-13,h00v00,74.0,275.0,,
693,39.070491,-77.24597299999999,2020-07-14,h00v00,74.0,275.0,0.2011,302.1764
694,39.070491,-77.24597299999999,2020-07-15,h00v00,74.0,275.0,,
695,39.070491,-77.24597299999999,2020-07-16,h00v00,74.0,275.0,0.183,302.8785
696,39.070491,-77.24597299999999,2020-07-17,h00v00,74.0,275.0,,
697,39.070491,-77.24597299999999,2020-07-18,h00v00,74.0,275.0,,
698,39.070491,-77.24597299999999,2020-07-19,h00v00,74.0,275.0,0.1746,304.1992
699,39.070491,-77.24597299999999,2020-07-20,h00v00,74.0,275.0,,
